학동역2,치맥딜리버리단체주문징거벨오더,서울 강남구 학동로 219 (논현동),서울 강남구 논현동 89-22,매장 11:00 ~ 23:00 / 딜리버리 11:30~22:45,02-512-7333
대치동,딜리버리단체주문지하철인근징거벨오더,서울 강남구 도곡로 517 (대치동),서울 강남구 대치동 987-20,매장 11:00~23:00 / 딜리버리 11:00~22:45,02-501-0391
코엑스MALL,치맥주차가능지하철인근,서울 강남구 영동대로 513 (삼성동),서울 강남구 삼성동 159,매장 10:30~22:00,02-501-7295
일원동,딜리버리Wi-Fi 매장주차가능단체주문지하철인근,서울 강남구 일원로 28 (일원동),서울 강남구 일원동 615-1,매장 11:00~23:00 / 딜리버리 11:00~22:45,02-445-6449
역삼역,딜리버리단체주문지하철인근징거벨오더,서울 강남구 논현로 509 (역삼동),서울 강남구 역삼동 642-10,매장 11:30 ~ 20:00 / 딜리버리 11:30~19:45,02-569-2515
강남구청역 (구: 삼성동),치맥딜리버리주차가능단체주문지하철인근징거벨오더,서울 강남구 학동로 402 (삼성동),서울 강남구 삼성동 1,매장 10:30~23:00 / 딜리버리 10:30~22:45,02-547-1664
명일DI점,치맥딜리버리단체주문지하철인근징거벨오더,서울 강동구 양재대로 1651 (명일동),서울 강동구 명일동 306-2,매장 10:00~23:00 / 딜리버리 10:30~22:45,02-3427-3166
천호역,치맥딜리버리주차가능단체주문징거벨오더,서울 강동구 천호옛길 88 (성내동),서울 강동구 성내동 43-11,매장 11:00~23:00 / 딜리버리 11:00~22:45,02-475-0332
둔촌동,치맥딜리버리단체주문지하철인근징거벨오더,서울 강동구 양재대로 1390 (둔촌동),서울 강동구 둔촌동 489-8,매장 11:00~23:00 / 딜리버리 11:00~22:45,02-474-1425
미아사거리역,치맥딜리버리단체주문징거벨오더,서울 강북구 도봉로10길 12 (미아동),서울 강북구 미아동 55-14,매장 10:00 ~ 23:00 / 딜리버리 10:30~22:45,02-945-2960
발산역,치맥딜리버리단체주문지하철인근징거벨오더,서울 강서구 공항대로 271 (마곡동),서울 강서구 마곡동 723-2,매장 10:00~24:00 / 딜리버리 10:00~23:45,02-2668-6543
화곡역,치맥딜리버리주차가능단체주문지하철인근징거벨오더,서울 강서구 강서로 162 (화곡동),서울 강서구 화곡동 1076-19,매장 10:30~24:00/ 딜리버리 10:30~23:45,02-2065-8952
염창동,치맥딜리버리Wi-Fi 매장주차가능단체주문지하철인근징거벨오더,서울 강서구 양천로 583 (염창동),서울 강서구 염창동 240-21,매장 10:30~23:00 / 딜리버리 10:30~22:45,02-2093-7911
목동사거리,딜리버리단체주문징거벨오더,서울 강서구 등촌로 19 (화곡동),서울 강서구 화곡동 781-4,매장 10:30~23:30 / 딜리버리 11:00~23:15,02- 2061-3176
신림역,딜리버리단체주문지하철인근징거벨오더,"서울 관악구 신림로 318 (신림동, 청암두산위브센티움)",서울 관악구 신림동 86-3,매장 10:30~24:00 / 딜리버리 10:30~23:45,02-888-4282
낙성대,치맥딜리버리Wi-Fi 매장단체주문지하철인근징거벨오더,서울 관악구 남부순환로 1909 (봉천동),서울 관악구 봉천동 1685-15,매장 11:00~21:00 / 딜리버리 11:00~20:45,02-871-7388
서울대입구역,치맥딜리버리주차가능단체주문지하철인근징거벨오더,서울 관악구 남부순환로 1810 (봉천동),서울 관악구 봉천동 869-4,매장 11:00~23:00 / 딜리버리 11:00~22:45,02-871-2590
봉천역,치맥딜리버리단체주문지하철인근징거벨오더,서울 관악구 남부순환로 1735 (봉천동),서울 관악구 봉천동 926-31,매장 11:00~23:00 / 딜리버리 11:00~22:45,02-871-9793
세종대,치맥딜리버리지하철인근징거벨오더,서울 광진구 광나루로 396 (화양동),서울 광진구 화양동 225,매장 11:00~24:00 / 딜리버리 11:00~23:45,02-461-3635
광장동,딜리버리주차가능단체주문징거벨오더,서울 광진구 광나루로 604 (구의동),서울 광진구 구의동 201-8,매장 11:00 ~ 23:00 / 딜리버리 11:00~22:45,02-458-0332
구로디지털2,치맥딜리버리주차가능단체주문징거벨오더,서울 구로구 디지털로 300 (구로동),서울 구로구 구로동 188-25,매장 11:00~23:00 / 딜리버리 11:00~22:45,02-6344-3910
독산동,치맥딜리버리Wi-Fi 매장단체주문징거벨오더,서울 금천구 독산로 195 (독산동),서울 금천구 독산동 1043-1,매장 12:00~24:00 / 딜리버리 12:00~23:45,02-802-6232
가산디지털,치맥딜리버리주차가능징거벨오더,서울 금천구 가산디지털1로 186 (가산동),서울 금천구 가산동 459-11,매장 11:00~21:00 / 딜리버리 11:00~20:45,02-861-4503
석계역,딜리버리단체주문지하철인근징거벨오더,서울 노원구 석계로1길 14 (월계동),서울 노원구 월계동 55-14,매장 11:00~23:00 / 딜리버리 11:00~22:45,02-2039-5859
노원역,치맥딜리버리단체주문지하철인근징거벨오더,서울 노원구 동일로 1401 (상계동),서울 노원구 상계동 731-3,매장 11:00~24:00 / 딜리버리 11:00~23:45,02-937-4282
중계은행사거리,딜리버리단체주문징거벨오더,서울 노원구 한글비석로 227 (중계동),서울 노원구 중계동 360-14,매장 10:30~23:00 / 딜리버리 10:30~22:45,02-6436-0390
월계이마트,주차가능단체주문대형마트&백화점내징거벨오더,서울 노원구 마들로3길 15 (월계동),서울 노원구 월계동 333-1,"매장 11:00~21:00 ( 2,4주차 일요일 휴점)",02-971-8396
우이동,치맥딜리버리Wi-Fi 매장주차가능단체주문징거벨오더,서울 도봉구 삼양로 544 (쌍문동),서울 도봉구 쌍문동 423-17,매장 10:00~23:00 / 딜리버리 10:30~22:45,02-995-1162
한국외대,치맥딜리버리단체주문지하철인근징거벨오더,서울 동대문구 이문로 114 (이문동),서울 동대문구 이문동 288-10,매장 11:00~23:00 / 딜리버리 11:30~22:45,02-957-5858
보라매,치맥딜리버리단체주문징거벨오더,"서울 동작구 보라매로5가길 7 (신대방동, 캐릭터 그린빌)",서울 동작구 신대방동 395-73,매장 10:30~23:00 / 딜리버리 11:00~22:45,02-842-9313
중앙대,치맥딜리버리단체주문지하철인근징거벨오더,서울 동작구 흑석로 94 (흑석동),서울 동작구 흑석동 223-1,매장 11:00~24:00 / 딜리버리 11:00~23:45,02-812-9238
노량진역,치맥딜리버리Wi-Fi 매장단체주문지하철인근징거벨오더,서울 동작구 노량진로 151 (노량진동),서울 동작구 노량진동 67-2,매장 10:00~23:30 / 딜리버리 10:30~23:15,02-811-1681
상암DMC,치맥딜리버리주차가능단체주문지하철인근징거벨오더,서울 마포구 월드컵북로 396 (상암동),서울 마포구 상암동 1605,매장 10:30~23:00 / 딜리버리 11:00~22:45,02-302-8291
홍익대,딜리버리Wi-Fi 매장주차가능단체주문지하철인근징거벨오더,서울 마포구 양화로 156 (동교동),서울 마포구 동교동 165-8,매장 24시간 / 딜리버리 10:00~익일 05:00,02-323-7554
명지대,치맥딜리버리단체주문징거벨오더,서울 서대문구 거북골로 53 (남가좌동),서울 서대문구 남가좌동 344-1,매장 10:00~24:00 / 딜리버리 10:00~23:45,02-302-7170
신촌역,치맥딜리버리Wi-Fi 매장단체주문지하철인근징거벨오더,서울 서대문구 신촌로 79 (창천동),서울 서대문구 창천동 72-2,매장 10:00~23:30 / 딜리버리 10:30~23:15,02-323-2332
사당역,딜리버리단체주문지하철인근징거벨오더,"서울 서초구 방배천로 11 (방배동, SK리더스뷰)",서울 서초구 방배동 444-3,매장 10:00~23:00 / 딜리버리 10:00~22:45,02-588-4282
이수역,치맥딜리버리Wi-Fi 매장주차가능단체주문지하철인근징거벨오더,서울 서초구 동작대로 114 (방배동),서울 서초구 방배동 3160,매장 10:00~23:00 / 딜리버리 10:30~22:45,02-532-2622
강남역,치맥딜리버리Wi-Fi 매장단체주문지하철인근징거벨오더,서울 서초구 서초대로77길 15 (서초동),서울 서초구 서초동 1317-5,매장 10:30~22:30 / 딜리버리 10:30~22:15,02-532-4211
양재동,치맥딜리버리Wi-Fi 매장단체주문지하철인근,서울 서초구 남부순환로350길 4 (양재동),서울 서초구 양재동 12-3,매장 10:30~23:00 / 딜리버리 10:30~22:45,02-576-4020
서초우성,치맥딜리버리단체주문지하철인근징거벨오더,서울 서초구 사임당로 171 (서초동),서울 서초구 서초동 1330-8,매장 10:30~22:00 / 딜리버리 11:00~21:45,02-3472-0332
서초동,치맥딜리버리단체주문지하철인근징거벨오더,서울 서초구 효령로 283 (서초동),서울 서초구 서초동 1602-2,매장 10:30~22:00 / 딜리버리 11:00~21:45,02-523-3778
교대역,치맥딜리버리주차가능단체주문징거벨오더,서울 서초구 서초중앙로 138 (서초동),서울 서초구 서초동 1693-3,"매장 11:00~21:00 (토,일 12:00~21:00) /딜리버리 11:00~20:45 (토,일 12:00~20:45)",02-537-8205
강남고속터미널,치맥딜리버리주차가능단체주문지하철인근징거벨오더,서울 서초구 신반포로 189 (잠원동),서울 서초구 잠원동 69-2,매장 10:30~23:00 / 딜리버리 10:30~22:45,02-534-0336
왕십리역사,치맥딜리버리주차가능단체주문지하철인근징거벨오더,서울 성동구 왕십리광장로 17 (행당동),서울 성동구 행당동 168-151,매장 10:30~23:30 / 딜리버리 11:00~23:15,02-2200-1511
고대안암,치맥딜리버리단체주문지하철인근징거벨오더,서울 성북구 개운사길 5 (안암동5가),서울 성북구 안암동5가 101-19,매장 11:00~22:00 / 딜리버리 11:00~21:45,02-923-8162
돈암동,치맥단체주문지하철인근징거벨오더,서울 성북구 동소문로20나길 18 (동선동1가),서울 성북구 동선동1가 3-1,매장 11:00~23:00 / 딜리버리 11:00~22:45,02-922-3392
롯데월드,치맥단체주문지하철인근,서울 송파구 올림픽로 240 (잠실동),서울 송파구 잠실동 40-1,월~일 10:30 ~ 20:30,02-2143-1296
잠실야구장,Wi-Fi 매장주차가능단체주문지하철인근,서울 송파구 올림픽로 25 (잠실동),서울 송파구 잠실동 10,경기에 따라 유동적,02-423-0862
잠실,치맥딜리버리Wi-Fi 매장주차가능단체주문지하철인근징거벨오더,서울 송파구 백제고분로 159 (잠실동),서울 송파구 잠실동 234-7,매장 12:00~22:00 / 딜리버리 12:00~21:45,02-421-6528
석촌역,치맥딜리버리단체주문지하철인근징거벨오더,서울 송파구 백제고분로 364 (석촌동),서울 송파구 석촌동 286-5,매장 11:00~23:00 / 딜리버리 11:00~22:45,02-416-3337
개롱역,치맥딜리버리Wi-Fi 매장주차가능단체주문지하철인근징거벨오더,서울 송파구 오금로 404 (가락동),서울 송파구 가락동 167,매장 11:00~20:00 / 딜리버리 11:00~19:45,02-430-5643
신정네거리역,딜리버리단체주문지하철인근징거벨오더,서울 양천구 중앙로 277 (신정동),서울 양천구 신정동 1190-3,매장 10:00~24:00 / 딜리버리 10:30~23:45,02-2607-6823
당산역,치맥딜리버리Wi-Fi 매장단체주문지하철인근징거벨오더,서울 영등포구 양평로 46 (당산동6가),서울 영등포구 당산동6가 331-6,매장 11:00~24:00 / 딜리버리 11:30~23:45,02-2068-8938
영등포역,치맥딜리버리주차가능단체주문지하철인근징거벨오더,서울 영등포구 경인로 846 (영등포동),서울 영등포구 영등포동 618-496,매장 09:30~23:00 / 딜리버리 10:30~22:45,02-2164-5226
여의도,치맥딜리버리주차가능단체주문지하철인근징거벨오더,서울 영등포구 국회대로70길 15-1 (여의도동),서울 영등포구 여의도동 14-8,매장 11:00~22:00 / 딜리버리 11:00~21:45,02-780-0338
동여의도,치맥딜리버리주차가능단체주문지하철인근징거벨오더,서울 영등포구 의사당대로1길 25 (여의도동),서울 영등포구 여의도동 44-23,매장 10:30~22:00 / 딜리버리 10:30~21:45,02-761-7917
숙대입구,치맥딜리버리단체주문지하철인근징거벨오더,서울 용산구 한강대로 297 (갈월동),서울 용산구 갈월동 69-3,매장 10:30~24:00 / 딜리버리 10:30~23:45,02-792-2060
한남순천향,딜리버리징거벨오더,서울 용산구 대사관로 62 (한남동),서울 용산구 한남동 638-5,매장 10:30 ~ 23:30 / 딜리버리 11:00~23:15,02-793-3354
용산아이파크몰,주차가능단체주문지하철인근징거벨오더,서울 용산구 한강대로23길 55 (한강로3가),서울 용산구 한강로3가 40-999,10:30~22:00,02-2012-0641
응암,치맥딜리버리단체주문지하철인근징거벨오더,서울 은평구 은평로 127 (응암동),서울 은평구 응암동 88-10,매장 10:00~24:00 / 딜리버리 10:30~23:45,02-351-3773
연신내역,치맥딜리버리Wi-Fi 매장단체주문지하철인근징거벨오더,서울 은평구 연서로 226-1 (대조동),서울 은평구 대조동 185-24,매장 10:00~24:00 / 딜리버리 10:30~23:45,02-352-0328
불광역,치맥딜리버리Wi-Fi 매장단체주문지하철인근징거벨오더,서울 은평구 통일로 750 (불광동),서울 은평구 불광동 267-1,매장 10:00~23:00 / 딜리버리 10:30~22:45,02-351-3297
청계천,치맥딜리버리주차가능단체주문징거벨오더,서울 종로구 청계천로 35 (서린동),서울 종로구 서린동 88,"매장 10:30~22:00 (토,일 12:00~21:00) /딜리버리 10:30~21:45 (토,일 12:00~20:45)",02-720-7947
동대문,치맥딜리버리단체주문지하철인근징거벨오더,서울 종로구 종로 294 (창신동),서울 종로구 창신동 464-6,매장 11:00 ~ 23:00 / 딜리버리 11:00~22:45,02-741-6587
대학로,치맥딜리버리단체주문지하철인근징거벨오더,서울 종로구 대학로 120 (동숭동),서울 종로구 동숭동 1-27,매장 10:30~23:00 / 딜리버리 10:30~22:45,02-744-0523
광화문,치맥딜리버리단체주문지하철인근징거벨오더,서울 종로구 세종대로23길 7 (세종로),서울 종로구 세종로 161-1,매장 10:30~22:00 / 딜리버리 11:00~21:45,02-738-9870
충무로역,치맥딜리버리단체주문지하철인근징거벨오더,서울 중구 퇴계로 213 (충무로4가),서울 중구 충무로4가 125-3,매장 11:00~23:00 / 딜리버리 11:00~22:45,02-2275-1661
먹골역,치맥딜리버리단체주문지하철인근징거벨오더,"서울 중랑구 공릉로 8 (묵동, 대길빌딩)",서울 중랑구 묵동 176-15,매장 11:00 ~ 23:00 / 딜리버리 11:30~22:45,02-976-1795
사가정,치맥딜리버리Wi-Fi 매장단체주문지하철인근징거벨오더,서울 중랑구 사가정로 389 (면목동),서울 중랑구 면목동 496-4,매장 10:30~00:00 / 딜리버리 10:30~23:45,02-439-5241
망우동,치맥딜리버리주차가능단체주문징거벨오더,서울 중랑구 망우로 410 (망우동),서울 중랑구 망우동 470-10,매장 10:30 ~ 23:00 / 딜리버리 10:30~22:45,02-433-9625
먹골역,치맥딜리버리단체주문지하철인근징거벨오더,"서울 중랑구 공릉로 8 (묵동, 대길빌딩)",서울 중랑구 묵동 176-15,매장 11:00 ~ 23:00 / 딜리버리 11:30~22:45,02-976-1795
사가정,치맥딜리버리Wi-Fi 매장단체주문지하철인근징거벨오더,서울 중랑구 사가정로 389 (면목동),서울 중랑구 면목동 496-4,매장 10:30~00:00 / 딜리버리 10:30~23:45,02-439-5241
망우동,치맥딜리버리주차가능단체주문징거벨오더,서울 중랑구 망우로 410 (망우동),서울 중랑구 망우동 470-10,매장 10:30 ~ 23:00 / 딜리버리 10:30~22:45,02-433-9625
부산구서DT,치맥딜리버리주차가능징거벨오더,부산 금정구 중앙대로 1824 (구서동),부산 금정구 구서동 83-1,매장 10:30~23:00 / 딜리버리 11:00~22:45,051-512-5341
경성대부경대,치맥딜리버리Wi-Fi 매장주차가능단체주문지하철인근징거벨오더,부산 남구 수영로 324 (대연동),부산 남구 대연동 54-5,매장 10:00~23:00 / 딜리버리 10:30~22:45,051-611-3281
부산지오21,치맥딜리버리주차가능단체주문지하철인근징거벨오더,부산 부산진구 동천로 4 (전포동),부산 부산진구 전포동 892-20,매장 11:00~22:00 / 딜리버리 11:00~21:45,051-818-2913
부산서면,딜리버리단체주문징거벨오더,부산 부산진구 중앙대로 681-1 (부전동),부산 부산진구 부전동 241-17,매장 10:30~23:30 / 딜리버리 11:00~23:15,051-808-8996
덕천역,딜리버리단체주문징거벨오더,부산 북구 만덕대로16번길 19 (덕천동),부산 북구 덕천동 402-41,매장 10:30~23:00 / 딜리버리 11:00~22:45,051-331-3977
사상역,치맥딜리버리단체주문지하철인근징거벨오더,부산 사상구 사상로 200 (괘법동),부산 사상구 괘법동 546-1,매장 10:30~22:30 / 딜리버리 11:00~22:15,051-311-9896
하단역,치맥딜리버리단체주문지하철인근징거벨오더,부산 사하구 낙동남로 1403 (하단동),부산 사하구 하단동 525-7,매장 10:00~24:00 / 딜리버리 11:00~23:45,051-202-9658
수영역,치맥딜리버리단체주문징거벨오더,"부산 수영구 수영로 700 (광안동, 베스테이 센트럴뷰)",부산 수영구 광안동 51-1,매장 10:00~22:00 / 딜리버리 10:30~21:45,051-754-4651
연제이마트,딜리버리주차가능대형마트&백화점내징거벨오더,부산 연제구 연수로 89 (연산동),부산 연제구 연산동 822-7,매장 10:30~22:00 / 딜리버리 11:00~21:45,051-851-1069
부산장산역,치맥딜리버리주차가능지하철인근징거벨오더,부산 해운대구 세실로 86 (좌동),부산 해운대구 좌동 387,매장 10:30~22:30 / 딜리버리 10:30~22:15,051-945-1050
대구용산DT,딜리버리주차가능,대구 달서구 달구벌대로 1393 (용산동),대구 달서구 용산동 410-9,매장 10:30~23:00 / 딜리버리 11:00~22:45,053-581-9231
상인네거리,치맥딜리버리주차가능단체주문지하철인근징거벨오더,대구 달서구 월배로 227 (상인동),대구 달서구 상인동 730,매장 10:00~24:00 / 딜리버리 10:30~23:45,053-634-9447
칠곡3지구,치맥딜리버리단체주문징거벨오더,대구 북구 학정로 439 (동천동),대구 북구 동천동 896-2,매장 10:30~23:00 / 딜리버리 11:00~22:45,053-311-4282
침산네거리,치맥딜리버리단체주문징거벨오더,대구 북구 침산로 144 (침산동),대구 북구 침산동 285-4,매장 10:30~24:00 / 딜리버리 11:00~23:45,053-359-3223
내당동,치맥딜리버리Wi-Fi 매장주차가능단체주문지하철인근징거벨오더,대구 서구 달구벌대로 1689 (내당동),대구 서구 내당동 463-63,매장 10:30~23:30 / 딜리버리 11:00~23:15,053-559-3193
범어네거리,치맥딜리버리단체주문지하철인근징거벨오더,대구 수성구 동대구로 311 (범어동),대구 수성구 범어동 563-4,매장 10:00~24:00 / 딜리버리 10:30~23:45,053-755-6895
대구시지,딜리버리주차가능지하철인근징거벨오더,대구 수성구 달구벌대로 3197 (매호동),대구 수성구 매호동 841,매장 10:30~23:00 / 딜리버리 10:30~22:45,053-791-9228
황금동,치맥딜리버리24시간매장Wi-Fi 매장주차가능단체주문징거벨오더,대구 수성구 동대구로 155 (황금동),대구 수성구 황금동 782,매장 24시간 / 딜리버리 10:00~02:00,053-768-1838
대구문화동,치맥딜리버리단체주문지하철인근징거벨오더,대구 중구 국채보상로 608 (문화동),대구 중구 문화동 18-1,매장 10:30~24:00/ 딜리버리 11:00~23:45,053-426-3753
계산동,치맥딜리버리주차가능단체주문지하철인근징거벨오더,인천 계양구 계양대로 214 (계산동),인천 계양구 계산동 944,매장 10:00~23:00 / 딜리버리 10:30~22:45,032-543-0337
인천논현,치맥딜리버리주차가능징거벨오더,인천 남동구 논고개로 61 (논현동),인천 남동구 논현동 747-1,매장 10:30~22:00 / 딜리버리 11:00~21:45,032-431-9726
인천구월,딜리버리주차가능단체주문징거벨오더,인천 남동구 남동대로 784 (구월동),인천 남동구 구월동 1199-9,매장 10:00~00:00 / 딜리버리 10:30~23:45,032-461-6101
간석HP,딜리버리Wi-Fi 매장주차가능단체주문대형마트&백화점내지하철인근,인천 남동구 경원대로 971 (간석동),인천 남동구 간석동 616-3,"매장 10:30~23:00 / 딜리버리 11:00~22:30 둘째,넷째 일요일 휴무",032-875-0795
부평역,치맥딜리버리단체주문지하철인근징거벨오더,인천 부평구 광장로 16 (부평동),인천 부평구 부평동 738-21,매장 10:00~24:30 / 딜리버리 10:30~24:15,032-519-0223
검단역,치맥딜리버리Wi-Fi 매장주차가능단체주문지하철인근징거벨오더,인천 서구 완정로 172 (마전동),인천 서구 마전동 910-1,매장 10:30~23:00 / 딜리버리 11:00~22:45,032-561-2332
인천청라,치맥딜리버리주차가능단체주문징거벨오더,인천 서구 중봉대로586번길 19 (연희동),인천 서구 청라동 163-3,매장 10:00~23:00 / 딜리버리 10:30~22:45,032-561-1506
인천송도,치맥딜리버리단체주문징거벨오더,인천 연수구 해돋이로 168-2 (송도동),인천 연수구 송도동 21-32,매장 10:00~23:00 / 딜리버리 10:30~22:45,032-710-1929
인천스퀘어원,치맥딜리버리주차가능단체주문대형마트&백화점내지하철인근징거벨오더,인천 연수구 청능대로 210 (동춘동),인천 연수구 동춘동 926,매장 10:30~23:00 / 딜리버리 11:00~22:45,032-456-4490
인천공항교통센터,치맥Wi-Fi 매장주차가능단체주문지하철인근,인천 중구 공항로 271 (운서동),인천 중구 운서동 2851,매장 09:00~21:30 / 딜리버리 운영안함,032-743-2547
동인천이마트,딜리버리주차가능대형마트&백화점내징거벨오더,인천 중구 인중로 134 (신생동),인천 중구 신생동 38,"매장 10:30~21:30 둘째,넷째 일요일 휴무 / 딜리버리 11:00~21:30",032-761-0584
인하대,치맥딜리버리단체주문지하철인근징거벨오더,인천 미추홀구 인하로77번길 8 (용현동),인천 미추홀구 용현동 188-19,매장 10:00~23:30 / 딜리버리 10:30~23:15,032-861-9416
인하대,치맥딜리버리단체주문지하철인근징거벨오더,인천 미추홀구 인하로77번길 8 (용현동),인천 미추홀구 용현동 188-19,매장 10:00~23:30 / 딜리버리 10:30~23:15,032-861-9416
광주수완,치맥딜리버리,광주 광산구 장신로 136 (수완동),광주 광산구 수완동 1427,매장 11:00~22:30 / 딜리버리 11:00~22:15,062-954-1460
광주충장로,딜리버리단체주문지하철인근징거벨오더,광주 동구 충장로안길 38 (황금동),광주 동구 황금동 71,매장 10:30~23:00 / 딜리버리 11:00~22:45,062-229-1676
광주용봉DT,치맥딜리버리주차가능단체주문징거벨오더,광주 북구 설죽로 270 (용봉동),광주 북구 용봉동 1413-1,매장 10:30~23:00 / 딜리버리 11:00~22:45,062-513-4350
광주터미널유스퀘어,딜리버리단체주문징거벨오더,광주 서구 무진대로 904 (광천동),광주 서구 광천동 49-1,매장 10:00~23:00 / 딜리버리 10:30~22:45,062-362-4481
광주터미널유스퀘어,딜리버리단체주문징거벨오더,광주 서구 무진대로 904 (광천동),광주 서구 광천동 49-1,매장 10:00~23:00 / 딜리버리 10:30~22:45,062-362-4481
대전타임월드,치맥딜리버리주차가능단체주문,대전 서구 둔산로 18 (둔산동),대전 서구 둔산동 1081,매장 12:00~22:00 / 딜리버리 12:00~21:45,042-472-4190
대전시청역,치맥딜리버리주차가능단체주문지하철인근징거벨오더,대전 서구 둔산로 121 (둔산동),대전 서구 둔산동 1411,매장 10:00~00:30 / 딜리버리 10:00~00:15,042-487-6270
유성온천,치맥딜리버리단체주문지하철인근징거벨오더,대전 유성구 대학로 3 (봉명동),대전 유성구 봉명동 552-5,매장 11:00~24:00 / 딜리버리 11:00~23:45,042-824-9034
노은역,치맥딜리버리단체주문지하철인근징거벨오더,대전 유성구 은구비남로33번길 46 (지족동),대전 유성구 지족동 910-9,매장 10:30~22:00 / 딜리버리 11:00~21:45,042-478-2002
은행동1,치맥딜리버리Wi-Fi 매장단체주문지하철인근징거벨오더,대전 중구 대종로488번길 54 (은행동),대전 중구 은행동 65-1,매장 11:00~22:00 / 딜리버리 11:00~21:45,042-251-8911
은행동1,치맥딜리버리Wi-Fi 매장단체주문지하철인근징거벨오더,대전 중구 대종로488번길 54 (은행동),대전 중구 은행동 65-1,매장 11:00~22:00 / 딜리버리 11:00~21:45,042-251-8911
울산현대,딜리버리주차가능단체주문징거벨오더,울산 남구 삼산중로 71 (달동),울산 남구 달동 1367-3,매장 10:30~23:00 / 딜리버리 11:00~22:45,052-273-5032
울산명덕,치맥딜리버리Wi-Fi 매장단체주문징거벨오더,울산 동구 방어진순환도로 909 (서부동),울산 동구 서부동 113-49,매장 12:00~22:00 / 딜리버리 12:00~21:45,052-209-2172
세종이마트,주차가능대형마트&백화점내징거벨오더,세종특별자치시 금송로 687 (가람동),세종특별자치시 가람동 970,매장 10:30~22:00 / 딜리버리 11:00~21:45,044-862-2906
세종이마트,주차가능대형마트&백화점내징거벨오더,세종특별자치시 금송로 687 (가람동),세종특별자치시 가람동 970,매장 10:30~22:00 / 딜리버리 11:00~21:45,044-862-2906
속초DI,치맥딜리버리단체주문징거벨오더,강원 속초시 동해대로 4096 (조양동),강원 속초시 조양동 1009-11,매장 11:00~22:00 / 딜리버리 11:30~21:45,033-800-7878
원주단계DT,치맥딜리버리주차가능단체주문,강원 원주시 북원로 2266 (단계동),강원 원주시 단계동 214-4,매장 10:30~23:00 / 딜리버리 10:30~22:45,033-734-0984
춘천이마트,딜리버리주차가능단체주문대형마트&백화점내징거벨오더,강원 춘천시 경춘로 2341 (온의동),강원 춘천시 온의동 511,매장 10:00~22:00 / 딜리버리 10:30~21:45,033-252-3369
춘천석사,치맥딜리버리주차가능단체주문징거벨오더,강원 춘천시 영서로 2027 (석사동),강원 춘천시 석사동 885-1,매장 11:00~22:00 / 딜리버리 11:00~21:45,033-912-3311
행신역,치맥딜리버리단체주문지하철인근징거벨오더,경기 고양시 덕양구 충장로 8 (행신동),경기 고양시 덕양구 행신동 762-2,매장 10:00~23:00 / 딜리버리 10:30~22:45,031-978-7007
화정,치맥딜리버리Wi-Fi 매장지하철인근징거벨오더,경기 고양시 덕양구 화신로272번길 57 (화정동),경기 고양시 덕양구 화정동 970-5,매장 10:00~24:00 / 딜리버리 10:30~23:45,031-970-3620
마두역,치맥딜리버리단체주문지하철인근징거벨오더,경기 고양시 일산동구 중앙로 1193 (장항동),경기 고양시 일산동구 장항동 890-4,매장 10:00~24:00 / 딜리버리 10:30~23:45,031-994-3929
주엽점,치맥딜리버리단체주문지하철인근징거벨오더,경기 고양시 일산서구 중앙로 1419 (주엽동),경기 고양시 일산서구 주엽동 106-1,매장 10:00~24:00 / 딜리버리 10:00~23:45,031-924-7211
일산후곡,치맥딜리버리징거벨오더,경기 고양시 일산서구 일산로 577 (일산동),경기 고양시 일산서구 일산동 1059-2,매장 10:30~23:00 / 딜리버리 10:30~22:45,031-923-8309
철산역,치맥딜리버리주차가능단체주문지하철인근징거벨오더,경기 광명시 철산로 25 (철산동),경기 광명시 철산동 245-5,매장 10:30~24:00 / 딜리버리 11:00~23:45,02-2066-5445
하안동,치맥딜리버리주차가능단체주문,경기 광명시 하안로 289 (하안동),경기 광명시 하안동 51,매장 10:00~23:30 / 딜리버리 10:30~23:15,02-803-1551
구리돌다리,치맥딜리버리단체주문지하철인근징거벨오더,경기 구리시 경춘로 221 (인창동),경기 구리시 인창동 280-8,매장 11:00~23:00 / 딜리버리 11:00~22:45,031-551-3694
산본역,치맥딜리버리단체주문지하철인근징거벨오더,경기 군포시 산본로323번길 16-14 (산본동),경기 군포시 산본동 1134,매장 11:00~23:00 / 딜리버리 11:30~22:45,031-390-6921
군포산본,치맥딜리버리주차가능징거벨오더,경기 군포시 고산로 681 (산본동),경기 군포시 산본동 1061-2,매장 11:00~22:00 / 딜리버리 11:00~21:45,031-391-8573
김포한강,치맥딜리버리주차가능징거벨오더,경기 김포시 김포한강7로 93 (구래동),경기 김포시 구래동 6880-7,매장 10:30~22:30 / 딜리버리 10:30~22:15,031-996-5160
김포,치맥딜리버리Wi-Fi 매장주차가능단체주문징거벨오더,경기 김포시 돌문로 43 (사우동),경기 김포시 사우동 237-2,매장 10:00~23:00 / 딜리버리 10:30~22:45,031-986-2489
진접,치맥딜리버리단체주문징거벨오더,경기 남양주시 진접읍 해밀예당1로 28,경기 남양주시 진접읍 연평리 56,매장 11:00~23:00 / 딜리버리 11:00~22:45,031-528-9536
덕소,치맥딜리버리주차가능단체주문지하철인근징거벨오더,경기 남양주시 와부읍 덕소로97번길 3,경기 남양주시 와부읍 덕소리 474-9,매장 12:00~21:00 / 딜리버리 12:00~20:45,031-521-5139
부천역,치맥딜리버리단체주문지하철인근징거벨오더,경기 부천시 부천로 1 (심곡본동),경기 부천시 심곡본동 316-2,매장 10:30~23:00 / 딜리버리 11:00~22:45,032-657-1697
부천중동,치맥딜리버리단체주문지하철인근징거벨오더,경기 부천시 중동로254번길 95 (중동),경기 부천시 중동 1142-11,매장 11:00~24:00 / 딜리버리 11:00~23:45,032-321-7622
웅진플레이도시,치맥딜리버리주차가능단체주문징거벨오더,경기 부천시 조마루로 2 (상동),경기 부천시 상동 572-1,휴점,032-220-7981
부천상동HP,딜리버리주차가능단체주문대형마트&백화점내,경기 부천시 길주로 118 (상동),경기 부천시 상동 540-1,매장 11:00~22:00/ 딜리버리 11:00~21:30,032-321-9464
정자역,치맥딜리버리주차가능단체주문지하철인근징거벨오더,경기 성남시 분당구 느티로 27 (정자동),경기 성남시 분당구 정자동 15-7,매장 11:30-22:30 / 딜리버리 11:30-22:15,031-711-3339
야탑역,치맥딜리버리주차가능단체주문지하철인근징거벨오더,경기 성남시 분당구 성남대로916번길 7 (야탑동),경기 성남시 분당구 야탑동 366-3,매장 11:30~22:30 / 딜리버리 11:30~22:15,031-701-9137
서현역,치맥딜리버리주차가능단체주문지하철인근징거벨오더,경기 성남시 분당구 분당로53번길 19 (서현동),경기 성남시 분당구 서현동 269-2,매장 11:30~22:00 / 딜리버리 11:30~21:45,031-702-2138
분당정자,치맥딜리버리주차가능단체주문징거벨오더,경기 성남시 분당구 정자로 88 (정자동),경기 성남시 분당구 정자동 126-4,매장 12:00~20:00 / 딜리버리 12:00~19:45,031-717-2077
미금역,치맥딜리버리주차가능지하철인근징거벨오더,경기 성남시 분당구 성남대로 151 (구미동),경기 성남시 분당구 구미동 9-1,매장 12:00~20:00 / 딜리버리 12:00~19:45,031-712-1411
위례중앙,치맥딜리버리단체주문징거벨오더,경기 성남시 수정구 위례광장로 104 (창곡동),경기 성남시 수정구 창곡동 505,"매장 12:00~20:00 (토,일 11:00~20:00) / 딜리버리 12:00~19:45 (토,일 11:00~20:00)",031-752-0987
성남태평,치맥딜리버리Wi-Fi 매장주차가능단체주문징거벨오더,경기 성남시 수정구 수정로 185 (태평동),경기 성남시 수정구 태평동 7288-17,매장 11:00~22:00 / 딜리버리 11:00~21:45,031-751-0315
영통씨네마,치맥딜리버리주차가능단체주문징거벨오더,경기 수원시 영통구 청명남로 40 (영통동),경기 수원시 영통구 영통동 1011-1,매장 11:00~22:00 / 딜리버리 11:00~21:45,031-206-0168
수원역광장,치맥딜리버리단체주문지하철인근징거벨오더,경기 수원시 팔달구 향교로 5 (매산로1가),경기 수원시 팔달구 매산로1가 30-1,매장 11:00~22:30 / 딜리버리 11:00~22:15,031-207-2582
아주대,치맥딜리버리주차가능단체주문징거벨오더,경기 수원시 팔달구 아주로 37 (우만동),경기 수원시 팔달구 우만동 575-1,매장 10:30~23:00 / 딜리버리 10:30~22:45,031-217-0337
수원인계DT,치맥딜리버리주차가능단체주문징거벨오더,경기 수원시 팔달구 인계로 98 (인계동),경기 수원시 팔달구 인계동 1019-1,매장 12:00~22:00 / 딜리버리 12:00~21:45,031-221-5431
수원역사1,주차가능단체주문지하철인근징거벨오더,경기 수원시 팔달구 덕영대로 924 (매산로1가),경기 수원시 팔달구 매산로1가 18,매장 09:30~22:00 / 딜리버리 운영 안함,031-240-0595
안산선부,치맥딜리버리단체주문징거벨오더,경기 안산시 단원구 달미로 64 (선부동),경기 안산시 단원구 선부동 1086,매장 10:00~23:00 / 딜리버리 10:30~22:45,031-8042-2988
안산중앙,딜리버리주차가능단체주문징거벨오더,경기 안산시 단원구 고잔1길 16 (고잔동),경기 안산시 단원구 고잔동 535,매장 11:00~23:00 / 딜리버리 11:00~22:45,031-481-8557
안성중앙로,딜리버리단체주문징거벨오더,경기 안성시 중앙로 395 (대천동),경기 안성시 대천동 57,매장 12:00~19:00 / 딜리버리 12:00~18:45,031-676-4282
안양호계,딜리버리단체주문징거벨오더,경기 안양시 동안구 평촌대로 135 (호계동),경기 안양시 동안구 호계동 1058-4,매장 11:00~23:00 / 딜리버리 11:00~22:45,031-381-9580
관양1,치맥딜리버리Wi-Fi 매장주차가능단체주문징거벨오더,경기 안양시 동안구 관악대로 302 (관양동),경기 안양시 동안구 관양동 1442-9,매장 10:30~23:00 / 딜리버리 11:00~22:45,031-383-9561
안양일번가,치맥딜리버리단체주문지하철인근징거벨오더,경기 안양시 만안구 장내로149번길 51 (안양동),경기 안양시 만안구 안양동 674-82,매장 11:00~24:00 / 딜리버리 11:00~23:45,031-448-1595
오산DT,치맥딜리버리주차가능단체주문징거벨오더,경기 오산시 경기대로 136 (원동),경기 오산시 원동 421-3,매장 11:00~22:00 / 딜리버리 11:00~21:45,031-372-2620
용인보정,치맥딜리버리주차가능단체주문징거벨오더,경기 용인시 기흥구 죽전로 52 (보정동),경기 용인시 기흥구 보정동 1265-3,매장 12:00~20:00 / 딜리버리 12:00~19:45,031-889-8566
용인수지,치맥딜리버리Wi-Fi 매장단체주문지하철인근징거벨오더,경기 용인시 수지구 풍덕천로 118 (풍덕천동),경기 용인시 수지구 풍덕천동 1080-8,매장 11:00~22:00 / 딜리버리 11:00~21:45,031-261-3683
용인상현,치맥딜리버리주차가능단체주문,경기 용인시 수지구 만현로 102 (상현동),경기 용인시 수지구 상현동 255,매장 12:00~22:00 / 딜리버리 12:00~21:45,031-261-3527
용인에버랜드,주차가능,경기 용인시 처인구 포곡읍 에버랜드로 199,경기 용인시 처인구 포곡읍 전대리 310,"매장 일~목 10:30~18:30, 금,토 10:30~19:30 / 딜리버리 운영 안함",031-339-1231
의정부엔터,치맥딜리버리Wi-Fi 매장주차가능단체주문지하철인근징거벨오더,경기 의정부시 시민로 80 (의정부동),경기 의정부시 의정부동 494,매장 10:00~23:00 / 딜리버리 10:30~22:45,031-829-7972
의정부HP,치맥딜리버리Wi-Fi 매장주차가능단체주문대형마트&백화점내징거벨오더,경기 의정부시 청사로 38 (금오동),경기 의정부시 금오동 475-1,매장 10:00~22:00 / 딜리버리 10:00~21:45,031-851-6073
파주금촌,치맥딜리버리단체주문징거벨오더,경기 파주시 번영로 1-1 (금촌동),경기 파주시 금촌동 958-30,매장 11:00~24:00 / 딜리버리 11:00~23:45,031-949-8630
파주문산,치맥딜리버리단체주문징거벨오더,경기 파주시 문산읍 문향로 71,경기 파주시 문산읍 문산리 6-2,매장 10:00~24:00 / 딜리버리 10:30~23:45,031-953-4282
파주운정DI,치맥딜리버리단체주문징거벨오더,경기 파주시 와석순환로 286 (목동동),경기 파주시 목동동 1051,매장 10:00~24:00 / 딜리버리 11:00~23:45,031-948-4282
야당역,치맥딜리버리단체주문징거벨오더,경기 파주시 경의로 1074 (야당동),경기 파주시 야당동 1066,매장 10:00~24:00 / 딜리버리 10:00~23:45,031-949-8516
평택,딜리버리Wi-Fi 매장단체주문지하철인근징거벨오더,경기 평택시 평택1로 13 (평택동),경기 평택시 평택동 65-7,휴점,031-657-1900
베어스타운,주차가능단체주문,경기 포천시 내촌면 금강로2536번길 27,경기 포천시 내촌면 소학리 274,휴점,031-534-8251
미사역,치맥딜리버리단체주문지하철인근징거벨오더,경기 하남시 미사강변동로 95 (망월동),경기 하남시 망월동 1100,매장 10:00~23:00 / 딜리버리 10:30~22:45,031-792-4282
하남시청,치맥딜리버리단체주문징거벨오더,경기 하남시 대청로 26 (신장동),경기 하남시 신장동 524,매장 11:00~22:00 / 딜리버리 11:00~21:45,031-791-2072
동탄,치맥딜리버리주차가능단체주문징거벨오더,경기 화성시 동탄지성로 11 (반송동),경기 화성시 반송동 93-2,매장 11:30~22:00 / 딜리버리 11:30~21:45,031-613-4601
창원상남동,딜리버리단체주문징거벨오더,경남 창원시 성산구 원이대로 658 (상남동),경남 창원시 성산구 상남동 1-6,매장 10:30~23:00 / 딜리버리 11:00~22:45,055-283-6083
창원더시티세븐,치맥딜리버리Wi-Fi 매장주차가능단체주문징거벨오더,경남 창원시 의창구 원이대로 320 (대원동),경남 창원시 의창구 대원동 121,매장 11:00~22:00 / 딜리버리 11:00~21:45,055-600-5308
영남대,딜리버리단체주문지하철인근징거벨오더,경북 경산시 대학로 292 (대동),경북 경산시 대동 214-1,매장 10:30~24:00 / 딜리버리 11:00~23:45,053-817-4282
구미옥계,치맥딜리버리Wi-Fi 매장주차가능단체주문징거벨오더,경북 구미시 산호대로29길 20-7 (옥계동),경북 구미시 옥계동 833-3,매장 10:30~22:30 / 딜리버리 11:00~22:15,054-471-0258
포항터미널,치맥딜리버리주차가능단체주문징거벨오더,경북 포항시 남구 중흥로 99 (상도동),경북 포항시 남구 상도동 579-11,매장 10:00~23:00 / 딜리버리 10:30~22:45,054-272-5985
포항양덕DT,치맥딜리버리주차가능징거벨오더,경북 포항시 북구 새천년대로 1365 (장성동),경북 포항시 북구 장성동 1433-5,매장 12:00~22:00 / 딜리버리 12:00~21:45,054-231-7274
전북도청,치맥딜리버리주차가능단체주문징거벨오더,전북 전주시 완산구 효자로 194 (효자동3가),전북 전주시 완산구 효자동3가 1525-1,매장 11:00~22:00 / 딜리버리 11:30~21:45,063-221-2920
제주시청,치맥딜리버리단체주문징거벨오더,제주특별자치도 제주시 중앙로 291 (이도이동),제주특별자치도 제주시 이도이동 1065-4,매장 10:00~23:00 / 딜리버리 10:30~22:45,064-803-0877
제주서귀포DI점,딜리버리단체주문징거벨오더,제주특별자치도 서귀포시 일주동로 8668 (동홍동),제주특별자치도 서귀포시 동홍동 1543,매장 10:30~22:00 / 딜리버리 11:00~21:45,064-767-0324
서귀포중문DT,치맥주차가능,제주특별자치도 서귀포시 중문관광로 90 (색달동),제주특별자치도 서귀포시 색달동 2864-10,매장 11:00~20:00 / 딜리버리 11:30~19:45,064-738-6306
제주서귀포DI점,딜리버리단체주문징거벨오더,제주특별자치도 서귀포시 일주동로 8668 (동홍동),제주특별자치도 서귀포시 동홍동 1543,매장 10:30~22:00 / 딜리버리 11:00~21:45,064-767-0324
서귀포중문DT,치맥주차가능,제주특별자치도 서귀포시 중문관광로 90 (색달동),제주특별자치도 서귀포시 색달동 2864-10,매장 11:00~20:00 / 딜리버리 11:30~19:45,064-738-6306
당진,치맥딜리버리단체주문징거벨오더,충남 당진시 당진중앙2로 101 (읍내동),충남 당진시 읍내동 528-7,매장 12:00~22:00 / 딜리버리 12:00~21:45,041-352-9168
아산터미널,딜리버리주차가능징거벨오더,충남 아산시 번영로 223 (모종동),충남 아산시 모종동 557-3,매장 12:00~20:00 / 딜리버리 12:00~19:45,041-531-6733
천안터미널,치맥딜리버리단체주문징거벨오더,충남 천안시 동남구 만남로 43 (신부동),충남 천안시 동남구 신부동 354-1,매장 09:00~22:00 / 딜리버리 10:30~21:45,041-561-4282
천안쌍용,치맥딜리버리주차가능징거벨오더,충남 천안시 서북구 충무로 205 (쌍용동),충남 천안시 서북구 쌍용동 203-19,매장 10:30~23:00 / 딜리버리 11:00~22:45,041-902-0960
청주메가폴리스,딜리버리주차가능단체주문징거벨오더,충북 청주시 흥덕구 풍산로 15 (가경동),충북 청주시 흥덕구 가경동 1416-2,매장 11:00~22:00 / 딜리버리 11:00~21:45,043-233-0669
청주사창사거리,치맥딜리버리단체주문징거벨오더,충북 청주시 서원구 1순환로 664 (사창동),충북 청주시 서원구 사창동 156-10,매장 10:30~22:00 / 딜리버리 11:00~21:45,043-715-1977
청주수곡DT,치맥딜리버리주차가능단체주문,충북 청주시 서원구 수영로7번길 7 (수곡동),충북 청주시 서원구 수곡동 77-3,매장 10:30~22:30 / 딜리버리 11:00~22:15,043-283-5853
