49로데오점,"경기도 시흥시 중심상가3길 10, 2층",031-433-6968,10:30~21:50
DMC향동점,"경기 고양시 덕양구 꽃마을로 4 (향동동, 고양향동 퍼스트타워) 205호",02-3159-3842,10:30~22:30
NC백화점부산대점,부산광역시 금정구 부산대학로 63번길2 NC백화점지하 1층,051-515-5838,10:30~21:00
NC백화점서면점,"부산광역시 부산진구 동천로 92 NC백화점서면점,6층",051-794-7312,10:30~20:30
NC백화점청주점,충청북도 청주시 흥덕구 2순환로 1233 드림플러스,043-716-6057,10:50~20:00
가능역점,"경기도 의정부시 가능동 648-17, 1층",031-871-7745,11:00~23:00
가든파이브점,"서울특별시 송파구 문정동  634, 가든파이브테크노관 지사1층",02-2673-2077,10:30~21:00
가산디지털단지역점,"서울특별시 금천구 벚꽃로 298, 1층",02-858-8253,10:00~21:30
가산센트럴점,"서울특별시 금천구 가산동  233-5,가산센트럴푸르지오",02-855-7776,10:30~22:00
가양역점,"서울특별시 강서구 등촌동  75-11 111-1호,2호",02-3663-5185,11:00~23:00
가재울점,서울특별시 서대문구 북가좌동 470,02-302-9677,11:00~21:20
가평읍점,경기도 가평군 가평읍 가평제방길 129 ,031-581-5556,11:00~22:00
간석역점,인천광역시 남동구 주안로 231,032-423-3939,10:30~22:00
강남논현점,서울특별시 강남구 강남대로120길 47,02-3446-7776,10:30~22:30
강남대성학원점,서울특별시 강남구 강남대로78길 33 1층 101호,02-566-1318,10:00~22:00
강남대점,경기도 용인시 기흥구 구갈동 581-1,031-275-3078,10:00~22:30
강남선릉점,"서울특별시 강남구 선릉로93길 32, 1층",02-568-7988,10:30~23:00
강남세곡점,"서울특별시 강남구 자곡로 201, 1층",02-459-3311,10:30~21:30
강남압구정점,서울특별시 강남구 신사동  579-6,02-540-5180,11:00~23:00
강남역점,서울특별시 강남구 역삼동  619-15,02-567-4802,10:30~23:00
강동강일점,서울특별시 강동구 아리수로93길 27 강일타워,02-429-8854,11:00~22:00
강동고덕점,서울특별시 강동구 고덕동  645-7,02-481-7772,10:00~22:30
강동명일점,서울특별시 강동구 구천면로 428,02-426-1233,10:30~22:00
강동역점,"서울특별시 강동구 천호동  158-3,1층",02-471-2030,10:30~22:00
강릉교동점,강원도 강릉시 교동 1824-1,033-653-8899,11:00~21:00
강릉내곡점,강원도 강릉시 내곡동  421-2 (남부로 17번길 23),033-645-2200,11:00~21:00
강릉유천점,강원도 강릉시 홍제동  1022-4,033-255-9272,11:00~21:00
강릉입암점,강원도 강릉시 입암동  708-3,033-651-8988,11:00~21:00
강릉터미널점,강원도 강릉시 홍제동 992-1,033-642-9526,11:00~21:00
강릉포남점,강원도 강릉시 하평3길 102동 101호,033-653-8592,11:00~21:00
강서구청점,"서울특별시 강서구 화곡로 296,1층",02-2690-9234,10:00~23:00
강서방화사거리점,"서울특별시 강서구 방화동  571-1,1층",02-2664-6610,11:00~21:30
강원간성점,강원도 고성군 간성읍 간성로 63,033-682-9500,11:00~21:00
강원대점,강원도 춘천시 효자2동 192-1 강원대 천지관 2층,033-250-7344,10:00~19:00
강원속초점,강원도 속초시 중앙로 107-1,033-637-6008,11:00~21:00
강원영월점,강원도 영월군 영월읍 중앙로 69,033-375-9282,11:00~22:00
강원인제읍점,"강원도 인제군 인제읍 비봉로 7 ,1층",033-461-2366,11:00~20:30
강원태백점,"강원도 태백시 황지로  26,1층",033-552-9925,11:00~21:00
강원홍천점,강원도 홍천군 홍천읍 홍천로3길 9,033-432-9294,10:00~20:00
강원횡성점,"강원도 횡성군 횡성읍 태기로 36,1층",033-343-6999,11:00~21:00
강진점,전라남도 강진군 강진읍 영랑로 3길 6-1 1층,061-433-9979,11:00~21:30
강화도점,인천 강화군 강화읍 강화대로 398 관청리 ,032-933-6666,11:00~22:00
개봉역점,"서울특별시 구로구 개봉동  203-8,2층",02-2060-9370,09:30~22:30
거제고현점,경남 거제시 서문로 79 (고현동) 1층,055-632-8357,11:00~23:00
거제상동점,경상남도 거제시 상동5길 115,055-633-7272,11:00~21:00
거제서정점,경남 거제시 거제면 거제남서로 3466 (서정리 청목 아델하임) 1층,055-632-8881,10:00~21:00
거제아주점,경상남도 거제시 아주로 36 (아주동),055-681-3693,10:00~22:00
거제옥포점,경남 거제시 옥포동 545-13 1층,070-8287-1995,09:00~22:00
거제장평점,경상남도 거제시 장평로8길 25 (장평동),055-632-9020,11:00~23:00
거제중곡점,경상남도 거제시 고현동 988-32 동진빌딩 2층,055-632-9339,10:30~22:30
건대로데오점,서울 광진구 아차산로 224 (자양동) 2층,02-466-1156,10:00~22:30
건대스타시티점,서울 광진구 자양동 227-342 지하1층,02-447-0017,11:00~22:00
경기광주능평점,경기도 광주시 오포읍 오포로 116,031-766-1200,11:30~21:30
경기광주양벌점,"경기도 광주시 오포읍 양벌로 299, 1층 108~109호",031-763-0229,11:00~22:00
경남거창점,경상남도 거창군 거창읍 아림로 32-1 2층,055-945-7181,10:30~22:30
경남고성점,"경상남도 고성군 고성읍 송학로 149번길 2,1층",055-674-5829,10:00~22:00
경남대점,"경상남도 창원시 마산합포구 월영북로 8-1, 1층(대내동)",055-221-1190,10:00~22:00
경남데파트점,"경상남도 창원시 마산합포구 중앙동3가  2-3,1층",055-242-7288,11:00~22:00
경남사천점,"경상남도 사천시 사천읍 평화1길 15,1층",055-852-2266,11:00~22:00
경남산청점,경상남도 산청군 산청읍 꽃봉산로91번길 23,055-974-9988,11:00~21:00
경남하동점,경상남도 하동군 하동읍 시장1길 25,055-884-2999,11:00~21:00
경남합천점,경상남도 합천군 합천읍 동서로 83-1,055-932-7887,10:00~22:00
경북고령점,경상북도 고령군 대가야읍 우륵로 16-1,054-955-9933,11:00~21:00
경북군위점,경상북도 군위군 군위읍 서부리 4-1 1호,054-382-9996,11:00~20:30
경북도청점,경상북도 예천군 호명면 산합리  1416,054-655-0092,11:00~21:00
경북백천점,"경상북도 경산시 경청로 1105 (백천동,금강빌딩 103호,104)",053-817-9277,11:00~22:30
경북사동점,경상북도 경산시 백자로 53(사동),053-801-1421,11:00~22:00
경북성주점,경상북도 성주군 성주읍 성주로 3216-1,054-933-8827,10:30~22:00
경북영덕점,"경상북도 영덕군 영덕읍 덕곡길 106-1,1층",054-732-1003,11:00~21:30
경북영천점,경상북도 영천시 야사동 331-43 (모란2길 22-6 (야사동)),054-333-1197,11:00~21:00
경북예천점,경상북도 예천군 예천읍 중앙로 78,054-654-0001,11:00~21:00
경북의성점,경상북도 의성군 의성읍 중리리 693-5,054-834-4343,10:30~22:00
경북청도점,경상북도 청도군 청도읍 청화로 132 1층,054-373-9959,11:00~22:30
경산역점,경북 경산시 중앙로 7 (사정동) ,053-818-3777,10:00~22:30
경산옥산점,"경상북도 경산시 성암로 45 ,1층",053-812-2131,11:00~23:00
경산자인점,경상북도 경산시 자인면 동부리 36-1,053-854-7959,11:00~22:00
경산중산점,경상북도 경산시 중산동  637-2,053-815-8700,10:30~22:30
경산진량중앙점,"경상북도 경산시 진량읍 공단로 469,1층",053-852-3572,11:00~21:00
경상대점,경상남도 진주시 진주대로 500,055-753-7799,09:30~23:00
경인교대점,인천광역시 계양구 계산동  968-12 1층,032-555-0770,10:30~22:30
경주금장점,경상북도 경주시 현곡면 안현로 6,054-775-3382,11:00~22:00
경주동천점,"경상북도 경주시 동천로 64, (동천동)",054-775-8778,11:00~22:00
경주안강점,경북 경주시 안강읍 양월리 1134-4 1층,054-763-0908,10:00~21:00
경주양남점,경북 경주시 양남면 동해안로 643 (나아리) 1층,054-775-8230,11:00~21:00
경주용황점,경상북도 경주시 용황구획4길 41,054-744-3399,10:30~22:00
경주월드점1,"경상북도 경주시 보문로 544, 경주월드버클리클럽 2층",070-7113-6374,10:00~18:00
경주중앙점,경상북도 경주시 노동동  141-1,054-776-9797,11:00~21:00
경주충효점,경상북도 경주시 충효녹지길 34,054-743-8884,10:00~22:00
경희대로점,"서울특별시 동대문구 경희대로 5-1, 2층",02-967-7733,10:00~22:00
계대동문점,"대구광역시 달서구 신당동  1790-9, 2층",053-587-5551,10:00~23:00
계룡금암점,충남 계룡시 금암동 146-9 105호,042-841-9249,10:30~22:30
계룡엄사점,충청남도 계룡시 엄사면 엄사중앙로 106(엄사리 180-3),042-841-9288,09:00~21:00
계산역점,인천광역시 계양구 경명대로 1083,032-543-1255,11:00~21:30
고대타이거플라자점,서울특별시 성북구 안암동5가 1-2,02-926-2622,10:00~20:00
고대하나스퀘어점,서울특별시 성북구 안암로 145 고려대학교 자연캠퍼스 B1,02-3290-2635,10:00~20:00
고려대세종캠퍼스점,"세종특별자치시 조치원읍 내창1길 36, 1층",044-868-9288,10:00~21:30
고신대점,부산광역시 영도구 와치로 246,051-405-7733,11:00~22:30
고양능곡점,경기도 고양시 덕양구 지도로 101,031-972-8982,11:00~23:00
고양동점,경기도 고양시 덕양구 혜음로 27,031-938-9724,11:00~22:00
고양서정마을점,경기도 고양시 덕양구 서정마을1로 20-10 1층,031-971-8399,11:00~2:00
고양원당어울림점,경기도 고양시 덕양구 고양대로 1384번길 7-5,031-967-8982,10:00~22:40
고양원흥지구점,경기도 고양시 덕양구 도래울2로 3,031-962-1280,11:00~22:00
고양중부대점,경기도 고양시 덕양구 동헌로 307번길 6,031-969-1001,11:00~23:00
고양풍동점,"경기도 고양시 일산동구 숲속마을1로 77, 107호,108호 (풍동,그린메디피아)",031-905-9555,11:00~22:30
고읍점,경기도 양주시 고읍남로 20-5,031-844-1371,11:00~23:00
고잔신도시점,"경기도 안산시 단원구 광덕동로 61, 115,116호(고잔동)",031-403-8892,11:00~22:30
고척사거리점,서울 구로구 고척동 189 101호,02-2615-1577,10:00~22:20
고흥녹동점,전라남도 고흥군 도양읍 우주항공로 54,061-842-4422,11:00~21:30
곤양점,경상남도 사천시 곤양면 성내리 199,055-854-3474,11:00~23:00
공군교육사령부점,경남 진주시 금산면 송백로 46 (송백리) 사서함 306-1,055-758-7774,10:00 ~ 20:00
공룡루지테마파크점,전라남도 여수시 소라면 안심산길 155,,11:00~21:00
공주대신관점,"충청남도 공주시 번영1로 116-8,1층",041-858-9288,10:00~22:00
공주중동점,충청남도 공주시 웅진로 153-2,041-855-0020,10:00~22:00
공주터미널점,"충청남도 공주시 신관동  455, 1층",041-531-8288,10:00~22:00
공항신도시점,"인천광역시 중구 운서동  2796-1, 골드프라자 102호 (신도시남로141번길 9, 102호(운",032-747-0057,10:00~22:00
과기대점,서울특별시 노원구 공릉동   440-16번지 2층,02-978-8292,11:00~22:00
과천점,"경기도 과천시 중앙동  40-11번지 102,103호",02-502-5042,10:00~23:00
관산점,"경기도 고양시 덕양구 통일로 760번지 103,104호",031-963-9005,11:00~22:20
관악난곡점,서울특별시 관악구 신림동  617-9,02-863-3190,10:30~22:00
관악대학동점,서울특별시 관악구 신림동  238-10 제비호 1층,02-6465-5362,10:30~22:00
관악사당역점,서울특별시 관악구 남현동  1061-23 사당타워 2층,02-585-2229,11:00~22:30
관악신대방역점,서울특별시 관악구 신사로 90 1층 105호,02-852-5888,10:30~21:30
관양점,경기도 안양시 동안구 관평로 330,031-388-0505,10:00~22:30
관저건양대점,대전광역시 서구 도안남로 142(관저동) 도안프라자 1층,042-542-0959,10:30~22:00
광교역점,경기도 수원시 영통구 이의동  1254-2,031-214-3459,10:30~21:00
광교중앙점,"경기도 수원시 영통구 이의동  1369-1, 1층 106호",031-216-6555,11:00~22:30
광명소하점,"경기도 광명시 소하로 81, 1층 104호",02-897-2777,10:00~22:00
광명역점,"경기 광명시 양지로 19 (일직동) 104,105호",02-897-2004,11:00~22:30
광명철산점,"경기도 광명시 오리로856번길 8, 2층",02-2066-5515,09:20~01:20
광안해변점,부산 수영구 광남로 151 (광안동 태영빌딩) ,051-755-9233,09:30~24:00
광양용강점,전라남도 광양시 광양읍 용강리 869-11,061-761-3009,10:30~21:00
광양제철점,"전남 광양시 희망길 12-7 (금호동, 기가타운) 102 - 2호",061-795-7931,11:00~21:00
광양중동점,"전라남도 광양시 광장1길 17, 1층",061-973-2262,10:10~21:40
광장동점,"서울특별시 광진구 아차산로 502, 101호 ~ 102호",02-458-0003,10:30~21:30
광주경안점,경기도 광주시 경안로 16,031-762-7672,10:00~24:00
광주곤지암점,경기도 광주시 곤지암읍 곤지암리 430-9 1층,031-797-1436,10:00~22:00
광주금호점,광주광역시 서구 풍금로 171번길 5,062-654-5123,11:00~21:30
광주대점,"광주광역시 남구 효덕로 280, 1층",062-671-0026,10:30~20:30
광주동천점,광주광역시 서구 유림로 100번지 (동천동),062-524-0077,11:00~22:30
광주문흥점,"광주광역시 북구 대천로 140-8,1층",062-265-0082,11:00~21:30
광주봉선점,광주광역시 남구 봉선로  176,062-651-9285,11:00~22:00
광주상무점,광주광역시 서구 치평동  1168-1번지 상무프라자,062-376-0010,10:30~22:00
광주소촌점,광주광역시 광산구 소촌로152번길 1동 101호,062-942-1190,10:30~22:30
광주송정점,"광주광역시 광산구 광산로 14, 1층",062-942-1192,11:00~22:00
광주신현리점,"경기도 광주시 오포읍 신현로 84, 1동 1층",031-717-7183,10:00~21:30
광주쌍촌점,광주광역시 서구 쌍촌동  1321,062-374-9200,11:00~21:00
광주양산점,"광주광역시 북구 양산택지로 57,1층",062-572-9231,11:00~22:00
광주역동점,경기 광주시 장지1길 28 (장지동 대광프라자) 103호,031-761-4100,10:30~22:00
광주오치매곡점,광주광역시 북구 오치동  862-22,062-251-5045,11:00~22:30
광주유스퀘어점,광주 서구 무진대로 904 광천동 유스퀘어광천터미널 2F,062-351-0111,10:30~22:00
광주진월점,광주광역시 남구 진월동  250-13,062-651-1300,10:00~21:30
광주첨단2지구점,"광주광역시 북구 신용동  733, 솔로몬빌딩 102호",062-571-1777,10:00~21:30
광주첨단점,광주광역시 광산구 첨단중앙로 96,062-971-9388,10:00~22:30
광주충장점,광주광역시 동구 중앙로160번길 15-2 2층,062-227-3456,11:00~21:30
광주태전점,경기도 광주시 고불로 46번길 4,031-763-6249,10:00~21:30
광주퇴촌점,경기 광주시 퇴촌면 도수리 618-22 1층,031-761-1761,10:00~22:00
광주풍암점,"광주광역시 서구 풍암2로 20, 1층",062-675-3536,11:00~22:00
광주풍향점,"광주광역시 북구 군왕로 1, 맘스터치",062-515-5045,10:30~22:30
광주하남2지구점,광주광역시 광산구 산정동  1042,062-953-7177,11:00~22:00
광주학동점,광주광역시 동구 학동  732-1,062-236-1289,
광주화정점,광주광역시 서구 월드컵4강로 92,062-651-9282,11:00~20:30
괴산점,"충청북도 괴산군 괴산읍 동부리 661-64, 1층",043-833-9992,10:30~22:50
괴정휴포레점,부산광역시 사하구 사하로 183 휴포레아파트상가 105호,051-206-6243,10:00~21:00
교하점,"경기도 파주시 청석로 260, 101호(동패동)",031-941-6668,10:30~22:00
구남역점,"부산광역시 북구 백양대로 1018,2층",051-332-0519,11:00~22:00
구례점,전라남도 구례군 구례읍 봉성로 53 1층,061-781-5553,11:00~22:00
구로구일역점,서울특별시 구로구 구로동  642-108,02-853-1122,10:00~22:30
구로디지털단지역점,서울 구로구 시흥대로 577 (구로동) 1층 7호,02-853-8864,10:00~01:00
구로시장점,서울특별시 구로구 구로동  313-150,02-866-7745,10:00~22:30
구로신도림점,"서울특별시 구로구 경인로59길 8, 207호",02-2068-8563,10:30~21:30
구로항동점,"서울특별시 구로구 항동  122, 항동프라자",02-3666-0255,10:00~21:50
구리갈매점,경기도 구리시 갈매중앙로 89-10,031-574-4600,11:00~23:00
구리역점,"경기도 구리시 건원대로34번길 15, 1층 106호 (인창동)",031-558-8982,11:00~23:00
구리한대병원점,"경기도 구리시 경춘로 168,1층",031-555-0802,11:00~22:30
구미구평점,경북 구미시 구평동 447-2 ,054-473-7373,10:30~22:00
구미문성점,경북 구미시 고아읍 들성로 235 (문성리) ,054-457-3600,11:00 ~ 22:00
구미비산점,경북 구미시 신비로 121-6 (비산동) ,054-465-5656,10:00~22:00
구미산동점,경북 구미시 산동읍 신당1로2길 13 (신당리) 111호,054-471-3133,10:30~22:00
구미선산점,경상북도 구미시 선산읍 동부리 525-11,054-481-4900,11:00~22:00
구미송정점,"경상북도 구미시 박정희로 599,푸르지오캐슬A단지 상가",054-444-2289,10:30~22:00
구미역점,경상북도 구미시 원평동 1008-98,054-444-2285,10:30~22:00
구미옥계점,경상북도 구미시 옥계동  833-1번지 101호,054-491-3038,10:00~22:00
구미인동점,경상북도 구미시 인동중앙로 37,054-475-3038,10:30~22:00
구미형곡점,경상북도 구미시 신시로7길 29,054-417-1882,10:00~22:30
구산역점,서울특별시 은평구 역촌동  7-1,02-385-1977,11:00~22:30
구산점,경상남도 김해시 구산동 1083-5 (김해대로1902번길 55 (구산동)),055-331-3210,11:00~22:30
구서역점,부산광역시 금정구 중앙대로1841번길 29 (구서동 252-15),051-517-9242,10:00~23:00
구영리점,"울산광역시 울주군 범서읍 구영리 853-1, 106호 (점촌3길 8-2, 106호)",052-211-4292,11:00~22:30
구월1점,"인천광역시 남동구 구월동 70-14 홍인빌딩 103호 (용천로 87 (구월동,흥인빌딩 103호))",032-464-0418,12:00~21:30
구월아시아드점,"인천광역시 남동구 인하로 627, 스카이프라자 104,105호 (구월동 1517-1)",032-469-0576,10:30~22:30
구파발역점,서울특별시 은평구 진관3로 21 (진관동) 엘크루상가 124호,02-385-8500,10:00~22:00
구포점,부산광역시 북구 구포3동 1213-18,051-336-5152,11:00~24:00
국민대점,서울특별시 성북구 정릉동 861-1 공학관 1층,02-910-4984,11:00~19:30
군산나운점,"전라북도 군산시 수송로 42, 2필지 이레빌딩 106~8호",063-461-4800,10:30~22:40
군산새만금산단점,"전라북도 군산시 오식도동  1020 (새만금북로 424), 1층",063-465-5533,10:00~21:30
군산수송점,전라북도 군산시 수송동  827-16번지,063-461-7780,10:00~23:00
군산조촌점,전북 군산시 구암로 50 (조촌동) 전라북도 군산시 조촌동 2-22,063-445-1478,10:30 ~ 22:00
군산지곡점,전북 군산시 지곡동 487-8 ,063-466-7376,11:00~21:00
군자역점,서울특별시 광진구 능동로 300,02-444-3400,10:30~22:00
군포당동점,경기 군포시 고산로250번길 1 (당동) 2층,031-391-9262,10:00~22:00
군포산본점,"경기도 군포시 광정로 68, 203호",031-393-8009,10:30~22:00
굽은다리역점,서울 강동구 천호동 50-13 ,02-481-0037,10:00~22:20
금산중부대점,충청남도 금산군 추부면 마전리 692,041-752-9289,11:00~21:30
금정역AK점,"경기 군포시 엘에스로 143 (금정동, 힐스테이트 금정역) 1001호(힐스테이트 금정역)",031-429-0661,10:00~22:20
금천시흥사거리점,"서울특별시 금천구 시흥대로 204, 1층",02-804-7779,10:00~22:00
금천은행나무점,서울특별시 금천구 금하로 726,02-892-3338,10:00~22:00
기흥구청점,경기도 용인시 기흥구 구갈로 70 메가타운 102호,031-274-7744,10:30~22:30
기흥역AK점,경기 용인시 기흥구 기흥역로 63 (구갈동 힐스테이트 기흥) 101호,031-282-7329,10:30~22:00
김제점,전라북도 김제시 요촌동 182-11,063-547-4909,10:00~22:00
김천신음점,경북 김천시 신음동 462-25 1층,054-434-1487,10:00 ~ 22:00
김천평화점,경상북도 김천시 평화동  245-22 1층,054-437-9933,10:00~22:00
김천혁신도시점,경상북도 김천시 율곡동  366번지 103호,054-433-4234,10:00~21:30
김포감정점,경기도 김포시 감정동 515-11,031-981-5470,10:50~22:00
김포걸포점,경기도 김포시 걸포2로 49,031-998-5559,11:00~21:30
김포고촌점,경기도 김포시 고촌읍 김포대로 344,031-986-6545,10:30~22:00
김포구래점,경기도 김포시 구래동  6883-2 아스타프라자 123호 (김포한강9로76번길 63),031-996-9070,11:00~22:00
김포대곶점,경기도 김포시 대곶면 율생리 498-1,031-997-4793,10:00~21:30
김포마산점,"경기도 김포시 마산동  646-3,104,105호",031-988-9281,11:00~22:20
김포사우점,"경기도 김포시 북변동  825번지 테마프라자 1층 104호(사우중로 79, 104호(북변동,테마",031-985-8186,11:00~22:00
김포수변점,경기도 김포시 김포한강2로 23번길 10,031-985-4289,11:00~21:30
김포운양점,"경기 김포시 김포한강11로 288-19 (운양동, 운양프라자) ",031-982-9273,11:00~22:30
김포장기점,경기도 김포시 장기동  1615,031-985-6663,11:00~22:20
김포통진점,경기도 김포시 통진읍 김포대로 2230번길 21-10,031-989-5117,10:00~21:50
김포트레이더스점,경기도 김포시 풍무동  16-10,031-984-9880,10:30~20:40
김포풍무점,"경기도 김포시 풍무동  405-4,2층",031-984-7889,11:00~21:50
김해메가마트점,경상남도 김해시 김해대로2492번길 20 김해메가마트,055-335-0203,10:30~22:00
김해부원점,경상남도 김해시 호계로472번길 39-9,055-333-5677,10:30~22:30
김해삼방점,경상남도 김해시 활천로267번길 30번지,055-322-4913,11:00~22:30
김해서상점,경상남도 김해시 가락로 96 1층,055-328-9978,11:00~23:00
김해신세계점,경남 김해시 김해대로 2232 (외동) 2층,055-272-1291,11:00~22:30
김해아이스퀘어점,경상남도 김해시 김해대로 2342 3층,055-335-3358,11:10~22:30
김해율하2지구점,"경상남도 김해시 장유동 825-1, 1층",055-335-8801,11:00~21:00
김해율하점,경상남도 김해시 율하2로 52,055-327-9282,11:00~22:30
김해인제대점,경상남도 김해시 인제로 194,055-335-9982,11:00~22:30
김해주촌점,경상남도 김해시 천곡로 14,055-336-0245,11:00~22:00
김해진례점,경상남도 김해시 진례면 송현로 21,055-345-1224,11:00~22:30
김해한림점,경상남도 김해시 한림면 신천리 391-21,055-345-1199,10:00~22:00
까치산점,"서울특별시 강서구 강서로  42-1,2층",02-2608-8482,11:00~22:30
나주남평점,"전라남도 나주시 남평읍 동사리 358-1( 강변2길 27-1), 102호",061-331-7707,10:00~21:30
나주빛가람1호점,전라남도 나주시 월정5길 1,061-333-2256,10:30~21:30
나주터미널점,"전라남도 나주시 나주로 185, 105호 (중앙동)",061-332-7092,09:30~22:00
낙민안락점,"부산광역시 동래구 충렬대로446번길 67, 상가동 101호",051-532-3495,11:00~24:00
낙성대역점,서울특별시 관악구 행운동  1688-124,02-883-2628,11:00~22:00
남목동점,울산광역시 동구 동부동 313,052-252-7999,10:00~23:00
남성역점,서울특별시 동작구 사당동  220-10 외 1필지,02-533-7782,11:00~22:00
남악도청점,전라남도 무안군 삼향읍 남악리 1556,061-285-9959,10:00~22:30
남양주금곡점,경기도 남양주시 경춘로 996,031-593-9998,10:00~21:50
남양주다산진건점,"경기도 남양주시 다산순환로 424, 203호",031-555-2299,10:30~21:30
남양주덕소점,"경기 남양주시 와부읍 덕소로97번길 2 (덕소리, 동산빌딩) 201호",031-576-9783,11:00 ~ 23:00
남양주도농점,경기 남양주시 다산동 6175-1 ,031-557-1255,10:30~22:00
남양주마석점,경기 남양주시 화도읍 마석우리 404-7 ,031-511-0056,11:30~22:00
남양주별내1점,경기도 남양주시 별내동  1084-5,031-571-9295,11:00~22:00
남양주부평점,경기 남양주시 진접읍 부평리 702-1 ,031-528-4566,10:30~21:30
남양주사능점,"경기도 남양주시 진건읍 용정리 780-4(진건오남로 77), 심미에셈빌",031-528-0701,10:20 ~ 22:00
남양주장현점,경기도 남양주시 진접읍 장현로47번길 6-9,031-571-9996,11:00~22:00
남양주지금점,경기도 남양주시 다산지금로  131 105호,031-568-3080,11:00~22:00
남양주창현점,경기 남양주시 화도읍 창현리 547-15 106-107호,031-593-9907,11:30~22:00
남양주청학점,경기도 남양주시 별내면 청학로중앙길 13-23,031-846-0222,11:00~22:00
남양주평내점,경기도 남양주시 평내동  579-3 엠투프라자 제1층,031-594-2344,11:00~22:30
남원도통점,전라북도 남원시 도통동 111-13,063-635-4292,10:30~21:50
남창점,울산광역시 울주군 온양읍 연안8길 28번지,052-238-9255,11:00~22:00
남해다랭이마을점,경상남도 남해군 남면 남면로 994,055-864-1133,10:00~22:00
남해스포츠파크점,경상남도 남해군 서면 남서대로 1680,055-862-9997,10:00~21:00
남해창선점,경상남도 남해군 창선면 동부대로 2807-3,055-867-2807,11:00~20:00
내서삼계점3,경상남도 창원시 마산회원구 내서읍 삼계리 27 오아시스빌딩302호,055-232-8295,10:30~22:30
내서호계2점,경상남도 창원시 마산회원구 내서읍 호계리 80번지 202호 (호계본동로 18 (코오롱 하늘채2차 다올채 1동202,055-294-7477,10:30~22:30
내외점,경상남도 김해시 외동 1217-7,055-337-9982,11:00~22:30
내포신도시점,"충청남도 홍성군 홍북읍 충남대로 50, 아프페온2차 109,110호",041-634-9280,10:00~22:00
노량진1호점,서울특별시 동작구 노량진동 211-44,02-815-3339,10:30~22:30
노량진2호점,서울특별시 동작구 노량진1동 85-6,02-812-6842,10:30~21:30
노원로데오점,"서울특별시 노원구 상계로3길  16,2층",02-951-5155,10:30~22:30
노원중계점,"서울특별시 노원구 중계동  360-12,1층",02-931-0777,11:00~22:30
노원하계점,서울특별시 노원구 노원로 257,02-979-1087,11:00~22:30
노형점,제주특별자치도 제주시 노형동 2585-1 중흥S클래스상가 101호,064-712-2828,11:00~22:00
노화보길점,"전라남도 완도군 노화읍 이포리 890-4, 1층",061-555-4335,11:00~20:00
녹양점,경기도 의정부시 녹양동 354-6번지 101호,031-837-8822,11:00~22:50
논산건양대점,충청남도 논산시 대학로 134,041-742-9288,11:00~20:00
논산내동점,충청남도 논산시 내동  627번지 1층,041-736-9288,10:00~22:00
논산연무점,충청남도 논산시 연무읍 안심로 112,041-742-0114,10:00~21:00
논산오거리점,충청남도 논산시 중앙로 419 (취암동 177-3),041-732-4241,10:00~23:00
논현역점(인천),인천광역시 남동구 논현동 740-2 1층,032-422-9280,11:00~22:00
다대낫개역점,부산광역시 사하구 다대로429번길 15,051-262-9003,11:00~22:30
다산역점,"경기 남양주시 다산순환로 173 (다산동, 다산 한양수자인 리버팰리스 상 105호",031-552-2588,12 : 00 ~ 23 : 00
담양읍점,"전라남도 담양군 담양읍 죽향대로 1195, 1층",061-383-8993,11:00~23:00
답십리역점,"서울 동대문구 천호대로 289 (답십리동, 한일노벨리아) 102,103호",02-2244-6333,10:30 ~ 23:00
당리점,부산광역시 사하구 당리동 132-2,051-293-7666,11:00~21:00
당산역점,"서울특별시 영등포구 양평로 59, 1층 101호",02-2679-0700,10:00~21:30
당진기지시점,"충청남도 당진시 송악읍 기지시1길 62,1층",041-353-9282,10:00~22:00
당진신평점,충남 당진시 신평면 거산3거리길 37 (거산리 명인치과) ,041-363-9277,10:30~21:30
당진읍내점,충청남도 당진시 당진중앙2로 117-36,041-357-9277,10:00~21:00
당진터미널점,충남 당진시 밤절로 132-81 (수청동) 102호,041-356-9288,09:00~23:00
대곡도원점,대구광역시 달서구 한실로 67,053-631-3200,11:00~22:00
대곡역점,대구광역시 달서구 비슬로 2728,053-643-7979,11:00~22:30
대구가톨릭대점,경상북도 경산시 하양읍 하양로 13-13(기숙사식당),070-4107-1545,10:00~20:00
대구교대점,대구광역시 남구 중앙대로 243,053-657-5228,10:30~22:00
대구구지점,대구광역시 달성군 구지면 응암리 1208-3,053-616-7782,10:00~21:20
대구금호점,대구광역시 북구 한강로 55 상가동 104-105호,053-321-6665,10:30~22:00
대구다사점,대구광역시 달성군 다사읍 달구벌대로 805,053-587-2357,10:30~22:00
대구대점,경상북도 경산시 진량읍 대구대로 252-4,053-246-2004,11:00~21:00
대구대현점,대구광역시 북구 대현동   119-9,053-955-4242,10:30~22:30
대구도남점,대구 북구 도남중앙로7길 24 (국우동) 국우동,053-321-7993,10:30~22:00
대구동구청점,대구광역시 동구 신암동  38-2,053-944-4242,11:30~20:00
대구동대구점,"대구광역시 동구 신천동  285-3(동부로22길 8), 1층",053-755-3357,10:00~23:00
대구동서변점,"대구광역시 북구 호국로43길 8-18(서변동),1층",053-281-1001,11:00~22:30
대구동호점,"대구광역시 동구 동호로 75,1층",053-956-9772,11:00~22:00
대구두류점,대구광역시 달서구 두류동 488-1,053-213-9942,10:20~22:20
대구만촌점,대구광역시 수성구 달구벌대로 2642(만촌동),053-742-1669,10:00~23:00
대구반월당점,대구광역시 중구 중앙대로67길 10,053-428-7555,11:00~22:00
대구방촌점,대구광역시 동구 동촌로 196,053-981-5556,11:00~22:30
대구보건대점,"대구광역시 북구 태전동 976-4,1층",053-295-3038,11:00~22:00
대구북구청역,"대구 북구 고성북로 34 (고성동3가, 오페라트루엘 시민의 숲) 301동 104호(고성동 3가,오페라 트루엘 시민의 숲)",053-355-4003,10:00~22:00
대구북비산점,대구광역시 서구 달서로 177-1,053-525-9945,11:00~23:00
대구서부터미널점,대구광역시 달서구 월배로 497번지 1~2동 (송현동),053-475-4242,10:00~23:00
대구서재점,"대구광역시 달성군 다사읍 서재로 113, 1층",053-582-0022,10:00~22:30
대구성당점,"대구광역시 달서구 당산로 118, 1층",053-655-8582,11:00~22:00
대구세천점,대구 달성군 다사읍 세천리 1590-4 101호,053-588-0854,10:00 ~ 22:00
대구송현점,대구광역시 달서구 월배로75길 69,053-555-9953,11:00~22:00
대구신매점,대구광역시 수성구 신매동  572-3,053-795-7888,10:30~23:00
대구신서혁신도시점,"대구광역시 동구 이노밸리로 325, 103호",053-964-7988,08:00~23:00
대구신월성점,대구 달서구 조암로6길 6-45 (월성동) 1층,053-636-1033,10:00 ~ 23:00
대구연경점,대구광역시 북구 연경동  960-3,053-242-1118,10:00~21:40
대구옥포점,대구광역시 달성군 옥포면 강림리 1125번지,053-611-4244,10:00~21:30
대구월배점,대구광역시 달서구 상원로 103,053-634-0303,11:00~22:00
대구월성CGV점,대구광역시 달서구 조암로 29 이래타워 1층 106호,053-638-4242,11:00~21:30
대구장기점,"대구광역시 달서구 장기로 243, 1층",053-521-7377,11:00~22:00
대구중동점,대구광역시 수성구 중동  100-2,053-763-5242,09:30~23:00
대구지산점,대구 수성구 지범로 208 (범물동) 1층,053-784-3645,11:00 ~ 23:00
대구진천점,대구광역시 달서구 진천로 78,053-382-8585,11:00~22:00
대구칠곡점,대구 북구 학정로 431 (동천동) 1층 101호,053-311-7730,10:30~22:30
대구침산점,"대구광역시 북구 침산남로 140,엠비프라자 2층 201호",053-341-4478,10:30~09:30
대구평리점,대구광역시 서구 평리동   1526-21,053-554-5794,11:00~23:00
대구한의대점,"경상북도 경산시 한의대로 1, 대구한의대M동 9호관 B1",053-811-4776,11:00~19:00
대구현풍점,"대구광역시 달성군 유가면 테크노상업로 100, 1층 107호",053-611-0805,10:00~22:30
대구호산점,대구광역시 달서구 호산동로 35북길 26,053-591-4244,11:00~23:00
대덕테크노밸리점,대전 유성구 테크노2로 187 (용산동 미건테크노월드) ,042-932-9636,10:00~22:00
대동사거리점,부산광역시 해운대구 좌4동 1407-3 대하프라자 107호,051-702-3336,11:00~22:30
대명계대점,대구광역시 남구 대명동  1890-11,053-654-7771,11:00~22:30
대방역점,서울 동작구 대방동 342-5 ,02-3280-5654,10:30~21:30
대방점,경상남도 창원시 성산구 가양로 124번길 15 대암빌딩 2층,055-266-3232,10:00~23:00
대안점,경상남도 진주시 대안동 14-7 #2층,055-744-5559,10:30~22:30
대연점,부산광역시 남구 수영로 239,051-611-8812,10:30~24:00
대전가수원점,대전광역시 서구 원도안로 16,042-542-4888,10:30~21:50
대전가오점,대전광역시 동구 은어송로 42-3 1층,042-282-3001,10:40~21:50
대전갈마점,대전 서구 갈마동 343-54 1층 101호,042-535-8838,11:00 ~ 21:30
대전과기대점,대전 서구 복수동 605 1층,042-581-5010,10:00~22:00
대전관평점,"대전광역시 유성구 관들1길 55,1층",042-932-9939,10:00~21:30
대전대동점,대전 동구 대동 542 1층,042-272-4567,10:00~22:00
대전대점,"대전광역시 동구 대학로 62-29,2층",042-273-3000,10:00~21:30
대전대흥동점,"대전광역시 중구 선화서로 7,1층",042-242-5214,10:30~22:30
대전도안상대점,대전광역시 유성구 봉명서로 31-13,042-825-4111,11:00~20:50
대전둔산점,대전광역시 서구 둔산동  1498번지,042-472-9982,11:00~23:00
대전만년점,대전광역시 서구 만년로 67번길 34-11 1층,042-489-9229,11:00~22:00
대전모다아울렛점,"대전광역시 유성구 대정로 5, 지상2층",042-541-8824,11:00~21:00
대전목동점,대전광역시 중구 동서대로  1387-6,042-224-4222,10:30~22:50
대전문화점,대전광역시 중구 문화동  284-24,042-584-4259,10:30~21:30
대전반석점,"대전광역시 유성구 반석로  32 양지타워 1 ,2층",042-825-7133,10:30~22:30
대전법동점,대전 대덕구 중리북로 4 (법동 동아빌딩) 1층,042-622-0228,10:00~22:00
대전보건대점,대전광역시 동구 가양동  162-3,042-622-3998,10:40~21:40
대전복합터미널점,대전 동구 동서대로 1688 (성남동) 1층 110호,042-621-0125,09:30~06:30
대전산성동점,대전광역시 중구 대둔산로 391,042-584-0151,09:30~21:50
대전송강점,대전광역시 유성구 봉산로 15 1층,042-936-1575,10:40~21:30
대전송촌점,대전광역시 대덕구 계족산로81번길 59-9,070-5043-1453,10:30~23:00
대전신성점,"대전광역시 유성구 신성로 97, 1층",042-863-4111,10:30~21:30
대전아쿠아리움점,대전광역시 중구 보문산공원로 469,042-222-5100,13:00~17:00
대전월평점,"대전광역시 서구 청사서로 40,1층",042-471-9939,11:00~22:20
대전유성점1,대전광역시 유성구 봉명동 447-6번지 상가 101호 (레자미 3차 상가 101호),042-361-1101,10:30~21:40
대전전민점,"대전광역시 유성구 유성대로 1738, 1층(전민동)",042-864-0775,11:00~22:00
대전지족점,대전광역시 유성구 지족동로  160(지족동) 1층,042-825-3336,10:00~22:30
대전청사점,대전광역시 서구 문예로 137,042-483-9225,11:00~21:30
대전카이스트점,대전광역시 유성구 어은로42번길 5 1층,042-862-1112,11:00~20:30
대전탄방점,"대전광역시 서구 계룡로 589, 1층",042-484-9982,10:30~22:30
대전태평점,대전광역시 중구 태평로 71,042-535-3311,10:00~22:00
대전판암점,대전광역시 동구 옥천로 177 101호,042-710-5001,10:40~21:30
대진대점,"경기도 포천시 군내면 호국로 1007-15(선단동 89-15) 1,2층",031-541-7772,11:00~21:00
대천해수욕장점,충청남도 보령시 해수욕장4길 142 (신흑동),041-933-9281,10:00~22:00
대치동학원가점,"서울특별시 강남구 삼성로 229,1층",02-3437-8383,11:00~22:30
덕계점,경상남도 양산시 덕계동 742-13,055-388-0121,11:00~22:30
덕성여대점,서울특별시 강북구 수유2동 279-69,02-993-3400,10:30~22:30
덕신점,울산광역시 울주군 온산읍 덕신리 1356-13,052-239-9253,11:00~22:00
덕정점,경기도 양주시 덕정동 240-11번지 203호,031-858-9281,11:00~21:30
덕천점,부산광역시 북구 만덕대로 20-1,051-336-4000,10:30~23:00
도계강원대점,강원도 삼척시 도계읍 황조리 209 강원대도계캠퍼스,033-541-7771,10:00~20:00
도당여월점,경기도 부천시 오정구 원종동  375-12,032-683-8712,10:30~22:00
독산지식산업센터점,"서울특별시 금천구 독산동  291-1, 현대지기산업센터 B1 T-L",02-2104-6560,10:30 ~ 22:00
돈암하늘채점,서울 성북구 아리랑로 75 (돈암동 돈암코오롱하늘채) 1층,02-929-7587,10:30~22:00
동국대점,서울 중구 서애로1길 11 (충무로5가) ,02-2275-9150,10:30~22:00
동대문장안점,서울특별시 동대문구 장안동  335-5,02-2249-5818,10:00~22:30
동대문현대시티점,서울특별시 중구 장충단로13길  20 B1,02-2283-2185,10:30~20:30
동덕여대점,서울특별시 성북구 화랑로13길 7 (하월곡동 18-14),02-909-6638,10:30~21:30
동두천보산점,경기도 동두천시 평화로 2549,031-858-4727,10:30~23:00
동두천지행점,경기도 동두천시 지행동  694-2,031-862-9995,10:30~23:00
동명대점,부산광역시 남구 신선로 428번지 동명대 가온누리관 1층,051-466-7245,10:00~15:00
동서울대점,경기도 성남시 수정구 복정동 678-7,031-751-0027,10:00~22:00
동신대점,전라남도 나주시 대호동 252번지 동신대학교 첨단 강의관2층,061-330-2922,09:00~21:00
동아대병원점,부산광역시 서구 보수대로 266,051-2558-9087,11:00~21:30
동아대점,부산광역시 사하구 낙동대로 516번길 47,051-904-2991,10:00~21:30
동양미래대점,서울특별시 구로구 경인로47길 30,02-2688-8800,10:00~22:00
동양점,인천광역시 계양구 동양동  641-1,032-556-0010,11:00~22:30
동여의도점,서울특별시 영등포구 여의대방로 394,02-780-6469,10:30~21:30
동의대지천관점,부산광역시 부산진구 엄광로 176번지 동의대지천관 1층,051-898-4203,10:00~19:00
동의의료원점,부산광역시 부산진구 양정동 산 45-1 동의의료원본관 1층,051-868-0991,10:30~18:00
동작보라매점,서울특별시 동작구 여의대방로 82,02-832-4233,11:00~21:30
동주대점,부산광역시 사하구 낙동대로 154,051-204-2757,10:30~21:30
동탄11자상가점,"경기도 화성시 동탄순환대로 690,1층",031-377-8389,11:00~21:30
동탄2신도시점,"경기도 화성시 동탄대로시범길 148-54, A동 108호",031-372-9147,11:00~21:40
동탄나루마을점,경기도 화성시 동탄솔빛로 61 훼미리빌딩,031-613-3832,11:00~21:30
동탄능동점,경기도 화성시 동탄지성로 142,031-613-7709,09:00~21:00
동탄목동점,경기 화성시 동탄신리천로 411 (목동) 119호,031-376-1390,10:00~22:00
동탄반송점,경기도 화성시 동탄원천로 163,031-613-0662,
동탄여울공원점,경기 화성시 동탄광역환승로 73 (오산동 동탄역 반도유보라 아이비파크 8 ,070-4833-1826,10:30~21:30
동탄테크노밸리점,경기 화성시 동탄기흥로 570-6 (영천동) ,031-5183-9675,11:00 ~ 21:00
동탄호수공원점,경기도 화성시 동탄면 산척리 589,031-376-8613,10:30~21:30
동해1함대점,강원 동해시 대동로 430 (송정동) 3층,000-0000-0000,10:00~20:00
동해효가점,강원도 동해시 효자남길 62 꽃가람,033-522-3100,11:00~21:00
둔촌동역점,서울특별시 강동구 성내동  440,02-474-0012,
둔포테크노밸리점,"충청남도 아산시 둔포면 아산밸리중앙로 89,1층",041-532-4240,10:00~22:30
마곡LG사이언스파크2호점,"서울 강서구 마곡중앙8로 71 (마곡동, LG사이언스파크) B1F",000-0000-0000,11:00~18:00
마곡LG사이언스파크점,"서울특별시 강서구 마곡동  770, E동 지하1층",,10:00~17:30
마곡나루역점,"서울특별시 강서구 마곡서로 170, 1층 108호",02-6737-0022,10:00~22:00
마곡역홈앤쇼핑점,"서울특별시 강서구 마곡동  746-1 마곡엠밸리12단지,1층",02-2661-4992,10:30~21:30
마산현동점,경상남도 창원시 마산합포구 현동  606번지 중흥S클래스 프라디움2차 상가동 104호 (현동9길 14),055-241-9282,10:30~22:00
마포공덕역점,"서울특별시 마포구 마포대로 137,1층",02-718-3868,10:00~21:30
마포대흥역점,"서울특별시 마포구 대흥동   137-1,1층",02-704-2800,10:30~22:00
만덕2호점,부산광역시 북구 만덕동 824-19,051-336-8886,11:00~20:30
만수역점,인천광역시 남동구 만수동  948-4,032-465-8474,11:00~22:15
만촌메트로점,대구광역시 수성구 화랑로 74,053-755-3393,10:30~23:00
맘스피치 중랑신내점,서울 중랑구 신내동 492-24 1층,02-493-4288,11:00~23:00
망원역점,서울특별시 마포구 월드컵로 13길13,02-323-5285,10:00~23:00
망월사역점,경기도 의정부시 평화로 206,031-874-8828,11:00~22:00
매곡신천점,울산광역시 북구 매곡1로 46 대우프라자 115호,052-292-5567,11:00~22:30
매곡점,"울산광역시 북구 매산로 66, 222동 106호",052-296-8592,11:00~22:30
매봉역점,서울특별시 강남구 남부순환로 2732,02-576-2211,
메가박스웅천점,전라남도 여수시 신월로 96,,10:00~22:00
면목점,서울특별시 중랑구 면목동 617-3번지 1층,02-432-9692,11:00~21:30
명동지하상가점,강원도 춘천시 중앙로 33,033-242-9288,11:00~20:00
명지국제신도시점,"부산광역시 강서구 명지국제8로 257, 티에스스퀘어 105호",051-201-2011,11:00~22:00
명지점,부산광역시 강서구 명지오션시티4로 82호 1층,051-208-7788,11:00~22:00
모란역점,"경기도 성남시 중원구 성남대로  1144,2층",031-755-5592,10:30~22:00
목감역점,경기도 시흥시 목감동  407,031-403-2225,10:30~22:30
목동2호점,서울특별시 양천구 등촌로 62-1,02-2649-1530,10:30~22:00
목동파리공원점,서울특별시 양천구 목동  907-12,02-2643-1456,11:00~22:00
목원대점,대전광역시 서구 도안동  880번지 201호,042-825-8838,10:30~22:50
목포MBC점,전라남도 목포시 영산로 333-1,061-272-3327,10:00~22:00
목포대학점,전남 무안군 청계면 승달산길 24 (도림리) 2층,061-452-7470,10:00~21:30
목포옥암점,"전라남도 목포시 남악2로9번길 10-11,1층",061-283-6100,11:00~22:00
목포장미거리점,전남 목포시 비파로51번길 31 (상동) 1층,061-282-8338,11:00 ~ 22:00
목포해상케이블카점,전라남도 목포시 달동  산 192-18,,11:00~20:00
무선점,전라남도 여수시 화장동 789-9,061-685-9282,10:30~21:30
문경점촌점,경상북도 문경시 점촌5길 7,054-555-1400,11:00~22:00
문막점,강원도 원주시 문막읍 동화리 1542-9,033-735-6084,11:00~22:30
문수로아이파크점,"울산광역시 남구 신정동 1222-5번지 협성휴포레112호(봉월로67번길 3,112(신정동,신정협",052-960-9292,10:00~21:30
문수점,전라남도 여수시 여서로 174,061-651-1991,10:30~21:40
문정역점,서울특별시 송파구 문정동  651,02-448-1318,10:30~22:30
문현점,부산광역시 남구 수영로 21(문현동) 1층,051-632-5055,10:30~22:00
미금역점,"경기도 성남시 분당구 돌마로 75, 2층",031-712-9100,10:30~22:00
미사강변대로점,경기도 하남시 미사강변대로 80 그린프라자 2층 201호,031-793-0605,11:00~21:00
미사역점,경기도 하남시 망월동  1089,031-794-6969,10:00~22:00
미아사거리역점,"서울특별시 강북구 미아동  54-54 1층,B1층",02-6326-9707,08:00~24:00
민락수변점,부산광역시 수영구 광안해변로 311 센텀프리모 상가동 114호,051-755-9245,10:30~23:00
밀양삼문점,경상남도 밀양시 삼문동 741-3,055-354-2448,11:00~22:00
밀양중앙점,"경상남도 밀양시 내이동  914번지 (약산로 54-1, 918-1,918-2, 2층(내이동))",055-356-6633,10:00~22:00
밀양하남점,경상남도 밀양시 하남읍 수산리 467-49,055-391-1777,11:00~21:00
박달사거리점,"경기 안양시 만안구 양화로 112 (박달동, 상민빌딩) 1층",031-466-3195,11:00 ~ 22:00
반구중앙여고점,"울산광역시 중구 반구동 776-7 (내황2길 26 (반구동,1층))",052-286-3004,11:00~22:00
반여2호점,부산광역시 해운대구 재반로 215,051-784-2210,11:00~22:00
반지반림점,경상남도 창원시 성산구 반지동  80-5,055-289-9285,10:30~22:30
배곧한라점,"경기 시흥시 배곧1로 27-16 (정왕동, 한라비발디캠퍼스2차) 상가4동 1층 101A,101B",031-498-7472,11:00 ~ 22:00
백령도점,인천 옹진군 백령면 백령로 240 (진촌리) ,032-836-0090,11:00~23:00
범계점,"경기도 안양시 동안구 평촌대로223번길 65, 205-206-207호 (호계동 1046-1, 범계빌딩)",031-387-0201,10:30~22:30
벡스코점,"부산광역시 해운대구 센텀남대로 50, 센텀임페리얼타워 103호",051-746-8123,10:30~21:30
별내북부역점,"경기도 남양주시 별내3로 318, 104호",031-575-3353,11:00~21:30
병점중앙점,경기도 화성시 효행로 1059 (진안동) 112~3호(미래프라자),031-235-7702,10:00~21:00
보광동점,서울특별시 용산구 보광동  217-10,02-793-8892,11:30~22:00
보령2호점,충청남도 보령시 대천동  180-3번지,041-933-0980,10:00~20:00
보령점,충청남도 보령시 주공로 17,041-933-9901,10:00~20:00
봉곡점,경상북도 구미시 봉곡동  381-4번지,054-451-6126,10:30~22:00
봉명아이파크점,"충청북도 청주시 흥덕구 덕암로 108번길65, 1층",043-900-7766,11:00~22:00
봉천현대시장점,"서울 관악구 양녕로 43 (봉천동, 현대M타운) 102동 1층",02-876-1019,11:00~22:00
부개일신점,인천광역시 부평구 부개동  364-6,032-228-0606,11:00~22:40
부산가야역점,부산광역시 부산진구 가야대로 613,051-892-5277,10:30~21:30
부산감천점,부산광역시 사하구 감천로 41,051-293-9285,10:30~22:30
부산경상대점,부산광역시 연제구 고분로 143번길 3,051-867-2346,10:00~23:00
부산경성대점,부산 남구 수영로 313 (대연동) 2층,051-612-2298,10:00~22:00
부산괘법점,"부산광역시 사상구 사상로 254, 1층",051-311-4807,10:30~22:30
부산금정체육공원점,부산광역시 금정구 체육공원로399번길 324 스포원파크 (두구동 669),051-508-9195,11:00~18:30
부산기장점,부산광역시 기장군 기장읍 읍내로 103,051-721-7892,11:00~21:30
부산남구청점,"부산광역시 남구 못골로 40,2층",051-637-1010,10:30~21:00
부산대2호점,"부산광역시 금정구 금정로 60번길 31, 2층",051-582-4240,10:00~16:00
부산대북문점,부산광역시 금정구 금강로 335번길 16,051-581-2222,10:30~22:00
부산대저점,부산광역시 강서구 대저1동  1749-16,051-973-8200,10:30~21:30
부산대점,부산광역시 금정구 부산대학로 63번길 4,051-515-0516,10:30~23:00
부산대청점,부산광역시 중구 대청로 94 1층,051-245-1836,10:30~21:30
부산동래메가점,"부산광역시 동래구 명륜로  129번길 2,2층",051-553-5000,11:00~22:30
부산동삼동점,"부산광역시 영도구 동삼동  266-4, 1층",051-404-3666,11:00~22:00
부산망미점,부산 수영구 과정로 54 (망미동) 1층,051-758-7999,10:00~22:00
부산명장점,"부산광역시 동래구 반송로 271,1층",051-526-2221,11:00~21:00
부산모라점,부산광역시 사상구 백양대로 916,051-326-9982,11:00~23:00
부산문현금융단지점,부산광역시 남구 문현금융로 22 2층,051-636-1112,10:00~16:00
부산반여점,"부산광역시 해운대구 선수촌로 81-1,1층",051-523-1531,11:00~21:30
부산범어사역점,부산광역시 금정구 중앙대로 2102,051-581-3121,10:00~22:00
부산부암점,부산광역시 부산진구 새싹로 83-2,051-809-5605,11:00~22:00
부산서면점,"부산광역시 부산진구 중앙대로 692번길 25, 2층",051-804-8011,09:30~23:00
부산센텀점,"부산광역시 해운대구 센텀중앙로 90,1층",051-783-8259,10:30~21:30
부산송도점,"부산광역시 서구 암남공원로 39,1층",051-257-8585,10:30~22:00
부산송정점,부산광역시 해운대구 송정동  312-9,051-704-8283,11:00~21:30
부산시청점,부산광역시 연제구 중앙대로 1037(연산동),051-863-9282,11:00~22:30
부산신개금점,"부산광역시 부산진구 개금본동로 39, 1층 (개금3동 21-2)",051-893-9295,11:00~23:00
부산신호점,부산광역시 강서구 신호산단2로 21 1층,051-941-6788,10:30~21:30
부산안락점,부산광역시 동래구 안락동  471-2,051-522-3666,11:00~21:00
부산연지점,부산광역시 부산진구 새싹로 177,051-808-1567,11:00~22:30
부산월내점,부산광역시 기장군 장안읍 월내2길 1,051-727-3335,10:30~22:00
부산장림점,부산광역시 사하구 다대로 247(장림동 산 29-4),051-263-2800,10:30~21:30
부산재송점,부산광역시 해운대구 재반로 79(재송동),051-783-9797,10:30~22:00
부산전포점,부산 부산진구 전포동 340-4 ,051-819-3709,10:00~22:00
부산정관1호점,부산 기장군 정관읍 정관로 499 (용수리) 104호,051-727-4282,11:00~22:30
부산지사점,"부산 강서구 과학산단로306번길 10 (지사동, 협성 ・ DS 엘리시안) 115동 1호",051-973-3803,11:00~20:00
부산초량점,부산광역시 동구 초량중로 87,051-442-2348,10:00~22:30
부산하단역점,"부산광역시 사하구 하신중앙로 322, 명진빌딩 1층",051-293-5558,11:00~22:00
부산학장점,부산광역시 사상구 대동로 61,051-312-9955,11:00~23:00
부안읍점,"전라북도 부안군 부안읍 봉덕리 790-6번지 2층 (부안읍 석정로 227, 2층)",063-581-4282,10:30~21:30
부천고강점,경기도 부천시 오정구 고강동  371-8,032-677-3355,10:30~22:00
부천괴안점,경기도 부천시 소사구 괴안동  87-1,032-345-7982,11:00~23:00
부천대점,경기도 부천시 원미구 심곡동  377-40 2층,032-611-8636,11:00~22:00
부천상동역점,"경기도 부천시 원미구 상동  534-2, 상동프라자 104호",032-328-1004,10:30~22:30
부천상동점,경기도 부천시 원미구 상동 557-3 늘푸른상가 2층,032-328-3555,09:40~01:40
부천소명점,경기도 부천시 원미구 소사동 5-17,032-351-0285,11:00~22:30
부천순천향대병원점,"경기 부천시 조마루로 170 (중동, 순천향대학교) 순천향대학교 부속 부천병원 본관 지하 2층 일부",000-0000-0000,10:30~18:30
부천약대점,경기도 부천시 중동로 416-1,032-673-4512,10:30~22:30
부천역곡점,경기도 부천시 원미구 역곡동  79,032-345-7300,11:00~22:20
부천역점,"경기도 부천시 성주로 263,1층",032-666-2925,10:40~22:00
부천오정점,경기도 부천시 오정로 210,032-678-6677,10:30~22:30
부천옥길점,경기도 부천시 소사구 옥길동  776-1,032-344-6257,10:30~22:00
부천원미점,경기도 부천시 원미구 원미동  94-5 명성프라자 107호,032-662-4279,10:30~22:30
부천원종점,경기 부천시 원종동 220-1 1층 3호,032-672-4288,09:00 ~ 22:30
부천중동1점,경기도 부천시 원미구 중동  1079-1 뉴월드타운 101호,032-325-9902,10:00~02:00
부천카톨릭대점,경기도 부천시 원미구 역곡동  산43-1,032-345-8892,10:30~21:00
부평갈산점,"인천광역시 부평구 주부토로 223,1층",032-505-6500,11:00~21:40
부평로데오점,인천광역시 부평구 부평동  194-19,032-220-9491,11:00~22:40
부평본점,인천광역시 부평구 장제로 58,032-508-9279,11:00~23:00
부평부개점,인천광역시 부평구 부개동  23-18,032-502-1900,11:00~22:25
북마산점,경상남도 창원시 마산합포구 북성로 91,055-222-5990,10:30~22:30
북부정류장점,"대구광역시 서구 비산동  1840-1번지 (서대구로 304, 1층 104호(비산동))",053-353-7982,10:00~22:30
분당서현점,경기도 성남시 분당구 불정로 376번길 7,031-703-1530,10:00~22:00
분당정자역점,경기 성남시 분당구 정자일로198번길 26 (정자동 노비오스호텔) 1층 103호,031-717-9802,10:30~22:00
사직점,부산광역시 동래구 사직북로 3,051-507-1588,11:00~22:30
사천사남점,경남 사천시 사남면 월성리 474-20 1층 108호,055-853-5999,10:00~22:00
산곡1점,"인천광역시 부평구 산곡동 281-5 오남프라자 108호 (부영로189번길 51,108호 (산곡동,",032-514-0077,11:30~21:00
산기대점,경기도 시흥시 산기대학로 237 스마트허브산학융합 1층,031-319-9289,09:00~21:00
산호점,경상남도 창원시 마산합포구 산호동 202-6,055-246-3038,11:00~21:50
삼각지역점,"서울특별시 용산구 한강대로 205,(한강로 1가 50-1 1층)",02-794-6888,10:30~22:30
삼계점,"경상남도 김해시 가야로169번길 5(삼계동,블루시티퀀덤)",055-311-9555,11:00~22:30
삼례우석대점,전라북도 완주군 삼례읍 후정리 19,063-291-2912,11:00~21:00
삼문코아점,경상남도 김해시 능동로 155번길 10-21,055-312-8290,11:00~22:30
삼성중앙역점,서울특별시 강남구 삼성동  50-2,02-3445-4466,10:30~21:30
삼송동산고점,"경기도 고양시 덕양구 동세로 22-2, 1층",02-381-9252,11:00~22:00
삼양사거리점,서울특별시 강북구 솔샘로 254,02-984-7337,10:30~22:30
삼육대점,경기도 남양주시 불암로 41-56,031-572-0572,10:00~22:00
삼척대학로점,강원도 삼척시 진주로 39 (남양동),033-574-5000,11:00~21:00
삼천포점,경상남도 사천시 벌리동 261-6,055-833-3883,11:00~22:00
삼풍계양점,경상북도 경산시 삼풍동  510-2번지,053-801-0045,11:00~22:30
삼호터미널점,전라남도 영암군 삼호읍 방아제로 2,061-464-4282,11:00~22:00
상계역점,서울 노원구 덕릉로83길 26 (중계동) 2층,02-939-5279,11:00~22:30
상도역점,서울특별시 동작구 상도1동  772-1,02-814-8255,10:00~21:30
상모점,경상북도 구미시 상모동 29-4,054-462-9555,11:00~22:30
상봉역점,서울 중랑구 상봉동 100-7 ,02-432-8892,10:30~22:00
상암MBC점,서울특별시 마포구 성암로 267,02-304-2626,10:30~22:00
상주점,경상북도 상주시 서문동 51-5,054-536-4292,11:00~22:00
상지대점,강원도 원주시 우산동 660 상지대학교(744-7382),033-744-7382,10:00~18:00
서귀동홍점,제주특별자치도 서귀포시 동홍중앙로 51,064-767-9282,11:00~21:40
서귀중앙점,제주특별자치도 서귀포시 중앙로 69,064-762-8299,11:00~23:00
서대문역점,서울특별시 서대문구 미근동  196-1,02-365-0666,10:00~21:30
서대전점,"대전광역시 중구 계백로 1689, 1층",042-522-6633,09:30~23:30
서래마을점,서울 서초구 반포동 91-10 2층,02-595-3035,10:00 ~ 22:00
서면1번가점,"부산광역시 부산진구 중앙대로 687,1층",051-244-5482,10:30~1:00
서산대산점,충남 서산시 대산읍 대산리 148-8 ,041-669-1427,10:00 ~ 22:00
서산터미널점,충청남도 서산시 안견로 201,041-662-9280,10:00~21:00
서산테크노밸리점,충청남도 서산시 성연면 성연3로 29 금형빌딩 1층 101호,041-669-8242,10:30~22:00
서산한서대점,충청남도 서산시 해미면 대곡리 397-3 궁전빌딩 1층,041-688-9288,11:00~20:00
서산호수공원점,충청남도 서산시 호수공원4로 48,041-667-9288,10:00~22:00
서울대입구역점,"서울특별시 관악구 관악로 192, 2층",02-877-0032,10:00~22:15
서울시립대점,서울특별시 동대문구 전농동 124-2 (서울시립대로 147 (전농동 103호),02-2245-9292,10:00~23:00
서울시청점,"서울특별시 중구 무교로 12, 2층",02-3789-8503,10:00~22:00
서울외대점,서울특별시 동대문구 이문로 108 2층,02-959-6632,10:00~22:30
서원대점,충청북도 청주시 서원구 모충동 245-6 #2층,043-291-5001,11:00~21:00
서일대점,서울특별시 중랑구 용마산로 408(면목동 51-1),02-491-9600,10:30~20:50
서초교대점,서울특별시 서초구 서초동  1671-5,02-2055-1175,11:00~22:30
서초중앙로점,"서울특별시 서초구 반포동  32-2, 2층",02-596-1278,11:00~21:30
서충주기업도시점,충청북도 충주시 중앙탑면 용전리 680,043-845-2020,10:20~22:00
서판교점,경기도 성남시 분당구 운중로 142,031-707-0912,10:30~22:00
서현역점,"경기도 성남시 분당구 서현동  247-2, 2층",031-701-0630,10:30~21:00
석계역점,"서울특별시 노원구 석계로1길 18,2층",02-909-5892,10:30~22:00
석동점,경상남도 창원시 진해구 석동  654-3 세븐코아빌딩 1층,055-546-4249,10:00~22:00
석사점,강원도 춘천시 석사동 495-14,033-264-7992,10:30~23:30
석전양덕점,경상남도 마산시 마산회원구 석전2동 248-9,055-298-0110,11:30~22:00
석촌역점,서울특별시 송파구 석촌동  290-8,02-415-3232,10:30 ~ 22:00
선암점,울산광역시 남구 선암동 665-3,052-257-5151,11:00~22:30
선유도역점,서울특별시 영등포구 양평로 119-1,02-2679-8864,10:00~22:00
설악워터피아점,강원도 속초시 미시령로 2983번길 111,,11:00~21:00
성건점,경상북도 경주시 동대로 18번지 (성건동),054-748-8777,11:00~23:00
성결대점,경기도 안양시 만안구 성결대학로 38,031-8033-8668,10:00~22:00
성균관대점,서울특별시 종로구 명륜3가 53 경영관 지하2층,00-0000-0000,10:00~15:00
성남상대원점,경기 성남시 중원구 상대원동 5469 1층,031-789-6785,10:00~22:00
성남세이브존점,경기도 성남시 수정구 산성대로 337,031-732-9924,10:00~21:30
성남신흥점,경기도 성남시 수정구 수정로 192,031-751-3388,10:00~22:30
성남은행시장점,경기 성남시 수정구 산성대로 523 (양지동) ,031-736-3288,10:00~22:20
성동금호점,서울특별시 성동구 금호동4가  561-2,02-2292-5002,11:00~21:30
성북종암점,서울특별시 성북구 종암동  14-2,02-6082-9707,11:00~22:00
성수역점,"서울특별시 성동구 성수이로20길 3, 세종빌딩 1층",02-467-3880,10:30 ~ 22:30
세종CGV점,세종특별자치시 도움1로 108,044-864-9211,10:00~22:00
세종고운점,"세종특별자치시 마음로 70, 에셀프라자 106호",044-864-9297,10:00~22:00
세종나성점,"세종특별자치시 나성동 361-50, 어반아트리움 파인앤유퍼스트원",044-905-8512,10:00~22:00
세종대평점,"세종특별자치시 시청대로 20,1층",044-866-9289,10:00~22:00
세종도담점,"세종특별자치시 도담동  653(보듬4로 9),카림애비뉴1동 1층 43호",044-867-9278,09:30~21:30
세종반곡점,세종특별자치시 반곡동 42-1 LB-111호,044-863-5353,10:00 ~ 22:00
세종보람점,"세종특별자치시 남세종로 462, 103호",044-866-9299,10:00~22:00
세종부강점,세종특별자치시 부강면 부강4길 4번지 1층,044-275-0199,10:30~21:00
세종새롬점,세종시 새롬중앙로 55,044-867-0626,10:00~22:00
세종소방청점,세종특별자치시 한누리대로 201 (나성동 우빈가온) ,044-863-5551,10:00~22:00
세종아름점,"세종특별자치시 보듬3로 100, 해피리움1차 112호",044-866-4288,10:00~22:00
센텀신세계점,"부산광역시 해운대구 센텀남대로 35, 신세계백화점 4층",051-745-2489,11:00~20:00
소사본점,경기도 부천시 소사구 소사본동 229,032-351-9282,11:00~22:30
소하사거리점,소하동 920-5번지 1층,02-899-9894,11:00~22:30
속초교동점,강원도 속초시 번영로 39,033-635-8959,11:00~21:00
송도8공구점,"인천 연수구 센트럴로 415 (송도동, 힐스테이트 송도 더테라스) 지상1층 156호",032-858-0568,10:00~22:20
송도닥터플러스몰점,인천 연수구 송도동 98-1 송도 닥터플러스몰 121호,032-834-5574,10:00~21:30
송도센트럴파크점,"인천광역시 연수구 센트럴로 160, 1층",032-831-3939,09:30~24:00
송산그린시티점,경기도 화성시 수노을중앙로 126,031-355-3181,
송천점,전라북도 전주시 덕진구 송천동1가  834-1,063-253-9295,11:00~22:00
송추점,경기도 양주시 장흥면 호국로 559-1,031-826-6811,10:30~22:00
송탄점,경기도 평택시 서정동  817-5,031-668-2501,10:00~21:40
송파마천점,서울특별시 송파구 마천로 315,02-402-1144,10:00~21:30
송파방이점,서울특별시 송파구 백제고분로 48길 39,02-420-5985,10:30~22:00
송파풍납점,서울특별시 송파구 풍납동  406-1,02-477-7773,10:30~22:30
수내역점,"경기도 성남시 분당구 백현로 101번길 20 1층 103,104",031-719-5007,10:30~22:30
수성구청점,대구광역시 수성구 달구벌대로 2494 A상가 101호,053-742-4243,11:00~23:00
수성시장점,대구광역시 수성구 들안로 275-1 1층,053-741-3777,10:30~22:00
수성점,대구광역시 수성구 수성1가 73 삼우수성타운상가 A동 103호,053-742-6886,12:00~24:00
수영광안점,부산광역시 수영구 광안동  493-7 BY빌딩 2층,051-987-6543,10:30~23:00
수원경희대점,"경기도 용인시 기흥구 서그내로 15번길 33 , 1층 일부호(서천동)",031-205-5400,10:00~22:00
수원곡반점,경기도 수원시 권선구 곡반정동  564-8,031-222-3474,11:00~21:30
수원권선점,경기도 수원시 권선구 동수원로 242번길 18,031-226-8582,11:00~21:30
수원금곡점,경기도 수원시 권선구 금곡로102번길 38번지 1층,031-292-9864,11:00~21:30
수원대점,"경기도 화성시 봉담읍 와우리 43-3, 2층",031-239-1009,10:00~21:30
수원매탄2호점,경기도 수원시 영통구 매탄로 108번길 10,031-216-7745,10:00~23:00
수원매탄점,경기도 수원시 영통구 매탄동  832-19,031-217-8868,11:00~21:30
수원북문점,경기 수원시 장안구 정조로922번길 1 (영화동 한도체육사) 1층,031-255-3213,11:00 ~ 22:00
수원성균관대점,"경기도 수원시 장안구 서부로 2128, 2층 (율전동)",031-298-8305,10:00~23:00
수원세류점,경기도 수원시 권선구 세지로 99 1층,031-222-9759,10:00~21:30
수원아주대점,"경기도 수원시 팔달구 아주로 47, 2층 (우만동)",031-216-1007,11:00~21:30
수원역점,경기도 수원시 팔달구 매산로 1가 47-4 (매산로 15 (매산로 1가)),070-7796-3830,11:00~23:00
수원오목천점,"경기도 수원시 권선구 삼천병마로 1566번길 26, 1층",031-295-4457,11:00~22:00
수원정자점,경기도 수원시 장안구 정자동   877-4 2층,031-268-1231,10:30~22:30
수원조원점,경기도 수원시 장안구 조원동  898-2,031-207-2255,10:30~22:25
수원천천점,경기도 수원시 장안구 만석로19번길 35,031-271-5225,10:30~22:00
수원탑동점,경기도 수원시 권선구 금호로 222,031-297-3690,10:00~21:45
수유역점,서울특별시 강북구 도봉로87길 7,02-992-5050,10:30~22:30
수정점,부산광역시 동구 수정동 194,051-441-7582,09:30~22:30
수지구청역점,"경기도 용인시 수지구 수지로296번길 51-9, 102호 (풍덕천동 1080-13, 다모아빌딩)",031-263-7111,11:00~21:00
수지동천점,경기도 용인시 수지구 손곡로 100,031-265-8866,10:30~21:30
수지상현점,경기도 용인시 수지구 상현동  257-22 142호,031-266-4959,11:00~22:00
수진역점,경기도 성남시 중원구 광명로 119번지 1층 (성남동),031-752-7773,11:00~22:00
수택3점,경기도 구리시 체육관로 80번길 28,031-563-1230,11:00~23:00
숙명여대점,서울특별시 용산구 청파동 2가 64-15,02-719-0812,10:30~21:30
순천대점,전라남도 순천시 중앙로 242-1,061-754-9282,10:00~21:00
순천신대점,"전라남도 순천시 해룡면 신대리 2005 (해룡면 향매로 124, 1층)",061-811-3004,11:00~21:00
순천역점,전라남도 순천시 팔마로 124-1 (조곡동 159-4),061-744-9222,09:30~22:00
순천연향점,"전라남도 순천시 조례동  1719-14(이수로 293), 1층",061-726-3600,10:30~20:50
순천오천점,전라남도 순천시 오천3길 36 1층,061-725-6000,10:00~21:30
순천왕지점,전라남도 순천시 왕궁중앙길 2,061-725-4141,10:00~22:00
순천용당점,전라남도 순천시 삼산로 61 1층,061-755-8228,11:00~21:30
숭실대입구역점,서울특별시 동작구 상도로 366,02-3280-5885,10:30~21:30
스타필드안성점,경기도 안성시 공도읍 진사리 354 스타필드 3층,031-8092-1838,
시지고산점,대구광역시 수성구 시지동  316-3,053-792-0222,10:00~23:00
시흥거모점,"경기도 시흥시 거모동  1761-16(군자로 519), 102동 101,102호",031-493-7700,10:30~21:55
시흥배곧1호점,"경기도 시흥시 서울대학로278번길 43-7, 117호",031-497-3399,10:30~22:00
시흥신천점,경기도 시흥시 신천3길 47,031-313-9292,11:00~22:00
시흥은계점,경기도 시흥시 은행동  646-5,031-315-0061,09:00~21:30
시흥은행점,"경기도 시흥시 은행로155번길 11,한별프라자 101호",031-311-3567,11:00~22:30
시흥장현점,경기 시흥시 장현동 406-2 ,031-317-8806,10:00 ~ 22:00
시흥휴게소점,경기도 시흥시 조남동  산 15-10,070-4229-3255,07:00~21:00
식사점,경기도 고양시 일산동구 위시티2로 11번길 1층,031-963-7277,11:00~23:00
신가신창점,광주광역시 광산구 신창동  1250-5,062-956-9282,10:30~22:00
신강촌점,강원도 춘천시 남산면 강촌로 82,033-264-5885,11:00~22:00
신경남정보대점,부산광역시 사상구 가야대로366번길 65 (주례동 80-65),051-312-9191,11:00~19:30
신경북대점,대구광역시 북구 산격3동  1393-25번지 2층,053-944-5582,10:00~22:00
신계산본점,인천광역시 계양구 계산새로 93번지 102호,032-556-8088,11:00~22:30
신고잔점,"경기도 안산시 단원구 당곡1로 27, 동산빌딩 103호 (고잔동 672-6번지)",031-475-9245,12:00~21:45
신광안1호점,부산광역시 수영구 호암로 18-2,051-757-9282,11:00~22:30
신광양중마점,전라남도 광양시 구마4길 24,061-791-3692,11:00~22:00
신광주운암점,광주광역시 북구 황계로55번길 8번지 201호,062-515-8292,11:00~21:00
신광주조선대점,광주광역시 동구 지산동  500번지 2층,062-226-1289,10:00~21:30
신구대점,경기도 성남시 중원구 금광2동 2685번지 (010-5304-9444),031-734-5421,09:00~18:00
신군산대점,"전라북도 군산시 미제2길 19, 2동 201호 (미룡동 868-2번지)",063-465-9280,10:00~21:30
신금오공대점,경상북도 구미시 대학로 52-2번지 3동 1층,054-476-9958,10:30~22:00
신금호역점,서울특별시 성동구 금호동1가  119 1층,02-2296-8982,10:00~21:30
신나사렛대점,"충청남도 천안시 서북구 쌍용동  1544번지 (월봉로 83, 201 (쌍용동))",041-578-9902,11:00~22:00
신남천점,"부산광역시 수영구 수영로464번길 21 (남천동 31-27, 1층)",051-900-7786,11:00~22:30
신남해점,경상남도 남해군 남해읍 북변리 160-7,055-864-2040,11:00~22:00
신다대2호점,부산광역시 사하구 다대낙조1길 5,051-263-0055,11:00~21:30
신당감점,부산광역시 부산진구 당감로 53-2번지,051-894-8886,11:00~22:00
신당진합덕점,충청남도 당진시 합덕읍 합우로 134-1 (운산리 266-3),041-363-9288,10:00~22:00
신대구강남약국점,대구광역시 동구 신암동  1196-28,053-944-0606,11:00~23:00
신대구경일대점,경상북도 경산시 하양읍 부호리 274,053-816-4242,10:30~22:00
신대구용산점,"대구광역시 달서구 용산로 230, 102,103호 (용산동 932-6)",053-564-4243,10:30~21:00
신대구중앙로점,대구광역시 중구 중앙대로 389,053-422-4243,10:30~22:30
신대구화원점,대구광역시 달성군 화원읍 비슬로 2583,053-643-1212,10:30~22:30
신대방삼거리역점,"서울특별시 동작구 보라매로 113, 2층",02-812-6469,10:30~22:30
신대부적점,경상북도 경산시 압량면 압독2로1길 38,053-817-7989,10:00~22:00
신대전관저점,"대전광역시 서구 관저동  1351번지 (관저동로 71, 1층 (관저동))",042-544-8808,10:30~22:30
신대전노은동점,"대전광역시 유성구 노은로 144 노은타운 116호 (지족동) , (유성구 지족동 905-4, 노은",042-825-9477,10:40~20:50
신도림테크노마트점,"서울특별시 구로구 새말로 97, 신도림테크노마트 10층13호",02-2111-8200,10:30~20:40
신롯데시네마점,경상북도 포항시 북구 대흥동 563-3 롯데시네마 1층,054-232-4279,11:30~22:30
신림역점,"서울특별시 관악구 남부순환로 1599-3, 2층",02-889-3888,11:00~22:30
신마전점,"인천광역시 서구 완정로 39, 정우프라자 (마전동 621-3)",032-561-5953,12:00~22:00
신만덕점,부산광역시 북구 만덕동  269-3,051-987-9292,10:30~24:30
신만천점,강원도 춘천시 동면 장학리 802-1,033-241-7992,10:00~22:00
신목동점,서울특별시 양천구 목1동 405-74번지 영보빌딩 104호,02-2062-8292,11:00~22:00
신무안읍점,전라남도 무안군 무안읍 불무로 38-3,061-454-2700,11:00~21:30
신문산당동점,경기도 파주시 문산읍 당동리 888-5번지,031-952-4100,11:10~21:10
신배재대점,"대전광역시 서구 도마동  50-6, 2층",042-538-2225,10:30~21:30
신백양점,부산광역시 사상구 백양대로 502,051-311-4774,10:30~23:00
신백운역점,인천광역시 부평구 부평동  274-51,032-236-1006,11:00~21:30
신보건대점,"경상남도 진주시 창렬로 114, 2층 (상봉동 1091-27)",055-741-8878,11:30~22:30
신봉덕점,"대구광역시 남구 효성로 52, 1층",053-475-5666,10:30~23:00
신부경대점,부산 남구 용소로21번길 62 (대연동) 1층,051-612-9220,10:30~23:30
신부민점,부산광역시 서구 구덕로 220(한웅캠퍼스 102호),051-242-8899,11:00~21:00
신부산교대점,부산광역시 연제구 교대로 7(거제동1층),051-506-9192,10:30~21:00
신부산역점,"부산광역시 동구 중앙대로 207, 2층(초량동)",051-442-2347,09:30~22:30
신부천송내역점,경기도 부천시 소사구 송내동  709-3,032-655-0223,11:00~21:40
신부평구청점,인천광역시 부평구 부평동  884-9,032-504-2244,11:00~20:40
신산정점,전라남도 목포시 청호로 107 1층,061-278-3568,11:00~22:00
신삼산점,인천광역시 부평구 삼산동 462-3,032-507-9982,11:00~21:20
신삼산현대점,울산광역시 남구 삼산동 1540-16,052-257-8242,11:00~21:00
신삼화점,제주특별자치도 제주시 화삼북로2길 ,064-755-9292,11:30~20:00
신상동점,전라남도 목포시 옥암로 118 (옥암동),061-281-5790,11:00~22:30
신상산효자점,전라북도 전주시 완산구 효자동1가  652번지,063-222-4945,11:00~22:30
신상인점,"대구광역시 달서구 월곡로 261-1, 2층 (상인동 1401-1)",053-635-1989,11:00~22:30
신서경대점,서울특별시 성북구 정릉동  227-178,02-910-8892,10:00~21:30
신서귀포점,제주특별자치도 서귀포시 대청로 39 (강정동) 2층,064-732-8299,11:00~20:00
신서대신점,부산광역시 서구 구덕로321번길 10,051-244-3232,11:00~24:00
신서동점,부산광역시 금정구 서동로 158-2,051-523-5550,11:00~22:00
신서울등촌점,서울특별시 양천구 목동중앙북로7길 20,02-2652-6842,10:30~22:00
신설동역점,서울특별시 동대문구 왕산로 11-1,02-926-9282,10:00~23:00
신성신여대점,"서울특별시 성북구 동소문로 22길 30, 2층",02-929-2582,10:30~22:30
신송도글로벌캠퍼스점,인천광역시 연수구 송도동  190-2 글로벌캠퍼스 상가 203동 103호 (송도문화로28번길 28),032-814-8488,11:00~21:00
신송우점,경기도 포천시 소흘읍 솔모루로 30,031-544-8592,11:00~21:30
신수암홈플러스점,울산광역시 남구 수암로 143 (야음동),052-267-9888,10:00~21:30
신수완점,광주광역시 광산구 풍영로 200번길 63,062-959-3392,10:30~21:30
신순천금당점,전라남도 순천시 하대석길 41,061-726-4959,10:30~22:30
신순천중앙점,전라남도 순천시 중앙로 110-2,061-752-1515,11:30~22:00
신순천호수공원점,"전라남도 순천시 왕지2길 19-5번지(왕지동,2층)",061-725-4292,10:00~22:00
신시흥능곡점,경기도 시흥시 능곡동 782번지 신안인스빌(12블럭)상가 101호,031-317-9251,10:30~22:30
신신포점,인천광역시 중구 신포동 62-1,032-765-5050,11:00~21:50
신아산장재점,"충청남도 아산시 배방읍 용연로 84-27, 101호 (장재리 1524)",041-546-9788,11:00~22:00
신아산탕정점,충청남도 아산시 탕정면 명암리 922-2,041-544-4249,10:00~22:00
신안산중앙역점,"경기도 안산시 단원구 고잔2길 38, 중앙상가",031-411-4561,10:30~22:00
신안심점,대구광역시 동구 율하동 921-6번지,053-962-3033,12:00~24:00
신안지랑역점,대구광역시 남구 대명로 144-1 (대명동 909-3),053-629-6200,11:00~22:00
신야탑1호점,"경기도 성남시 분당구 야탑동  272-4번지 성산빌딩 1층 (벌말로 40번길 3, 1층)",031-709-5353,10:00~21:40
신영대병원점,대구광역시 남구 대명로 282,053-657-4242,10:30~22:00
신영주가흥점,경상북도 영주시 대동로 36(가흥동),054-635-9001,10:00~22:00
신영주중앙점,경상북도 영주시 구성로 345,054-634-9002,10:00~22:00
신영통점,"경기도 수원시 영통구 영통로 136, 센트럴타워 107,108호 (망포동 386)",031-206-0456,11:00~21:30
신와수리점,강원도 철원군 서면 와수리 1147,033-458-9191,11:30~19:30
신용호자이점,"부산광역시 남구 신선로 566, GS하이츠자이 상가 401동 149호 (용호동 197)",051-621-9402,11:00~22:30
신우동점,부산광역시 해운대구 우동1로 79 (우동 388-8),051-747-9296,11:00~22:00
신우두점,강원도 춘천시 우두동  1052-14,033-253-9288,11:00~22:00
신우정점,울산광역시 중구 우정동  380-17,052-246-5244,11:00~21:00
신운남하남,"광주광역시 광산구 사암로340번안길 6, 106호",062-959-1289,11:00~22:00
신울진점,경상북도 울진군 울진읍 연호로 12,054-781-9288,11:00~21:00
신원마을점,"경기도 고양시 덕양구 신원로 36, 1층",02-371-3202,11:00~22:00
신원주단계점,강원도 원주시 단계동  872-3,033-742-8292,11:00~23:00
신월점,서울특별시 양천구 신월1동 93-4,02-2698-0117,11:00~23:00
신익산모현점,"전라북도 익산시 고현로 96, 1층 (모현동1가 274-4)",063-851-4898,10:30~22:00
신인천송도점,인천광역시 연수구 송도동  3-1번지 밀레니엄상가 124호,032-858-7595,11:00~22:30
신전남화순점,전라남도 화순군 화순읍 광덕로 193-1 (만연리 242-8),061-375-8592,10:00~22:00
신전주대점,"전라북도 전주시 완산구 서원로 8, 202호 (효자동3가 1724-2)",063-225-3600,11:00~22:00
신정네거리역점,서울특별시 양천구 신정동  1190-6,02-2065-7779,10:00~01:00
신정하점,경상북도 안동시 정하동 299-1,054-856-5577,12:00~22:00
신진주교대점,"경상남도 진주시 신안동  447-6, 가산빌딩2층",055-746-3457,11:00~21:20
신진주상대점,경상남도 진주시 상대2동 303-67,055-757-0088,12:00~21:00
신창신대점,경상남도 창원시 마산회원구 구암남10길 40 화성빌딩 2층,055-263-3106,10:40~21:30
신창원대점,"경상남도 창원시 의창구 사림동  55-13 (퇴촌로25번길 6-21, 1층(사림동))",055-286-3231,10:30~21:00
신창원도계점,경상남도 창원시 의창구 도계로 63,055-237-1425,10:30~22:30
신천곡점,강원도 동해시 천곡동 1061번지 골든타워 106호,033-531-8999,11:00~21:30
신천안성거점,충청남도 천안시 서북구 성거읍  성거길 94번지,041-565-9277,10:00~22:30
신천안쌍용3동점,"충청남도 천안시 서북구 쌍용8길 2, 101호 (쌍용동 2004번지 101호)",041-575-9588,10:00~22:00
신철원점,강원도 철원군 갈말읍  삼부연로 7번길 6 2층,033-452-7737,10:30~21:30
신청라1호점,인천광역시 서구 연희동  798-3,032-561-1447,11:00~22:00
신청주산남점,충청북도 청주시 서원구 산남동  654번지,043-283-7754,11:00~21:30
신촌점,서울특별시 서대문구 명물길 16 (창천동 13-28),02-313-7733,10:00~22:00
신카톨릭대점,부산광역시 금정구 오륜대로 41 (부곡동 17-18),051-516-9192,10:30~21:00
신탄진점,대전광역시 대덕구 신탄진로 809-1 (신탄진동 145-10),042-931-3331,11:00~21:00
신평릉부곡점,강원도 동해시 발한로 65,033-534-2117,11:00~21:00
신포항오천점,경상북도 포항시 남구 오천읍 세계리 857-12 (오천읍 세계길 41),054-291-0028,10:30~21:00
신풍역점,서울특별시 영등포구 신길로 119 한화꿈에그린상가 112-114,02-834-3455,10:00~21:30
신하안점,경기도 광명시 오리로 801,02-899-9233,11:00~23:00
신학익동점,인천광역시 남구 학익동  697-6,032-861-7272,11:00~23:00
신한밭대점,대전광역시 유성구 덕명동  597-18,042-826-5020,10:50~20:00
신혜천대점,대전광역시 서구 복수동  605번지 101호,042-586-0292,11:00~20:30
신화명롯데점,"부산광역시 북구 금곡대로303번길 35, 104(화명동, 1층 해경타워빌딩) (화명동 2272-2)",051-365-1566,10:00~23:00
신화천점,강원도 화천군 화천읍 하리 43-72,033-442-7755,11:00~20:30
신효자점,강원도 춘천시 효자동  632-7,033-256-7992,10:00~24:00
신후평동점,강원도 춘천시 후석로 307호,033-241-1212,18:00~23:00
쌍문세라믹점,"서울특별시 도봉구 쌍문동  19-15, 2층",02-902-6633,
쌍문역점,서울특별시 도봉구 도봉로 496,02-900-0071,10:30~23:00
아산득산점,충청남도 아산시 득산동 391-2,041-531-9298,10:00~22:00
아산배방점,충청남도 아산시 배방읍 북수리 958,041-546-9288,11:30~21:00
아산순천향대점,"충청남도 아산시 신창면 순천향로 14,2층",041-542-4626,10:00~22:00
아산용화점,충청남도 아산시 어의정로 46 상가 1층,041-547-9277,10:30~22:30
아산음봉레이크시티점,충남 아산시 음봉면 음봉로 515-18 (동암리) 1층 102호,041-548-9288,10:00~23:00
아산퍼스트빌리지점,"충청남도 아산시 둔포면 해위안길 127, 4층",041-536-0792,10:30~20:00
아산풍기점,충청남도 아산시 풍기동   514,041-531-9282,11:00~22:00
아산호서대점,충청남도 아산시 배방읍 세출리 227-3,041-542-9111,11:00~20:00
아차산역점,"서울특별시 광진구 천호대로 655, 2층",02-453-7780,11:00~22:00
안동대점,경상북도 안동시 경동로 1375 안동대학교 복지관 1층,054-820-6727,10:30~18:00
안동삼산점,경상북도 안동시 서동문로 174-8,054-855-8978,11:00~22:00
안동옥동점,경상북도 안동시 경북대로 423,054-859-8977,11:00~22:00
안면터미널점,충청남도 태안군 안면읍 장터로  129,041-673-8895,10:00~21:00
안산반월점,"경기도 안산시 상록구 건건로 123,1층",031-438-7799,10:30~22:00
안산본오점,경기도 안산시 상록구 샘골로 187,031-408-1569,11:00~21:30
안산선부점,"경기도 안산시 단원구 선부광장1로 30, 103호 (선부동 1070-15)",031-414-5557,11:00~22:40
안산신길점,경기도 안산시 단원구 신길동  1616,031-494-9295,10:30~21:50
안산원곡점,경기도 안산시 단원구 화랑로 107,031-402-1577,10:00~21:30
안산일동점,경기 안산시 상록구 안산대학로 110 (일동) 1층,031-407-2204,
안산초지점,경기도 안산시 단원구 초지동  732번지 (광덕1로 56 (초지동)),031-402-2037,10:30~22:30
안산한대역점,경기도 안산시 상록구 광덕1로 380,031-416-7889,10:30~22:50
안성1점,경기도 안성시 대천동 66번지 (안성맞춤대로 1074 (대천동)),031-674-9245,10:30~20:30
안성공도점,경기도 안성시 공도읍 공도4로 817-2 1층,031-651-9070,10:00~22:00
안성중앙대점,경기 안성시 대덕면 대학 3길 31 ,031-677-9245,11:00~23:00
안성진사리점,경기도 안성시 공도읍 진사리 20-19,031-618-9991,
안성한경대점,"경기도 안성시 석정동  266-6 ,1층",031-674-1212,10:30~20:30
안양1번가점,경기도 안양시 만안구 안양로304번길 4(안양동),031-464-3338,10:40~21:35
안양관악역점,경기 안양시 만안구 안양로 495 (석수동) ,031-471-6114,10:30 ~ 22:00
안양석수점,"경기도 안양시 만안구 충훈로 83, 1층",031-471-6070,10:00~22:00
안양연성대점,경기도 안양시 만안구 안양3동 958-4,031-8091-5050,10:00~22:00
안양평촌학원가점,경기도 안양시 동안구 평촌동  901 1층,031-381-1270,10:00~22:20
안양호계점,경기도 안양시 동안구 호계동 949-17 1층,031-456-4545,10:00 ~ 21:00
암사역점,서울특별시 강동구 올림픽로 766,02-6406-2554,10:30~22:00
야당역점,"경기도 파주시 경의로 1080, 명동프라자 104호 (야당동 1070)",031-943-8080,10:30~22:30
양구읍점,강원도 양구군 양구읍 양록길 71,033-482-9282,10:00~21:00
양산남부시장점,"경상남도 양산시 북안남4길 7-37, 1층",055-363-4777,10:30~22:40
양산물금역점,"경상남도 양산시 물금읍 물금로 20,1층",055-381-1818,11:00~21:30
양산물금점,경상남도 양산시 물금읍 범어리 682-3,055-388-5590,11:00~22:30
양산범어점,경상남도 양산시 물금읍 범어로 62,055-382-2200,10:30~22:00
양산북정동점,경남 양산시 북정로 19 (북정동) 101호,055-387-7772,11:00~22:30
양산사송점,경남 양산시 동면 내송내안2길 35 (내송리) 1층,055-785-1212,11:00~21:30
양산서창점,경상남도 양산시 삼호2길 50,055-365-1088,10:00~22:00
양산석계점,경상남도 양산시 상북면 반회서6길 2 1층,055-374-0401,11:00~23:00
양산석산점,경상남도 양산시 동면 금오13길 4,055-382-7272,10:30~22:30
양산에덴밸리점,"경상남도 양산시 어실로 1206,2층",055-379-8054,10:00~22:00
양산중부점,경상남도 양산시 양산역1길 12 2층,055-372-2201,10:30~23:00
양산증산이마트점,경상남도 양산시 물금읍 야리로 45,055-367-8498,11:00~21:00
양산증산점,경상남도 양산시 물금읍 야리로 112,055-366-6777,11:00~22:00
양산통도사점,경상남도 양산시 하북면 신평7길 6,055-383-0335,11:00~22:30
양산평산이마트점,경상남도 양산시 평산로 33 유토피아 빌딩 1층,055-367-9284,10:00~21:50
양정대학로점,부산광역시 부산진구 양정로 11번길5 1층,051-867-7799,11:00~22:30
양정점,울산광역시 북구 염포로 581,052-288-9277,10:30~22:00
양주광적점,경기도 양주시 광적면 가래비12길 11-15,031-864-5353,10:00~21:00
양주남면신산점,"경기도 양주시 남면 개나리11길 7, 1층",031-857-5578,11:00~22:00
양주덕계점,경기도 양주시 평화로 1440,031-857-8322,11:00~22:00
양주백석점,"경기도 양주시 백석읍 호명로 84, 1층",031-873-0330,11:00~22:30
양주옥정중앙점,"경기도 양주시 옥정로 196,1층",031-862-7750,11:00~22:00
양천구청점,서울특별시 양천구 목동서로 377,02-2644-2426,10:00~22:00
양천향교역점,"서울특별시 강서구 강서로 447, 1층",02-3665-2662,11:00~22:30
양평역점,경기도 양평군 양평읍 양평시장길 32,031-775-5900,10:00~22:00
언양동문점,울산광역시 울주군 삼남면 교동리 1678-3 동문굿모닝힐 301동 211호,052-263-2777,11:00~22:00
엄궁롯데점,부산광역시 사상구 엄궁북로 40 101호,051-311-8281,11:00~22:00
여수미평점,"전라남도 여수시 대학로 31,2층",061-655-3111,10:00~21:00
여수엑스포점,전라남도 여수시 박람회길 ,061-666-9555,11:00~22:00
여수웅천점,전라남도 여수시 웅천동  1675-2,061-682-4285,11:00~22:00
여수중앙점,전라남도 여수시 중앙동 48,061-641-3739,11:00~22:00
여주가남점,경기 여주시 가남읍 태평로 56 (태평리 가남터미널) ,031-885-0107,10:20~21:30
여주점,경기도 여주시 상동 285-3,031-886-9282,11:00~22:00
여천에코하이츠점,울산광역시 남구 선암동  156-8,052-265-2669,11:00~21:30
여천점,전남 여수시 쌍봉로 29 (학동) 2층,061-683-1123,11:00~21:30
연산과정교차로점,"부산광역시 연제구 반송로 89, 1층 3호",051-791-1977,10:30~22:30
연성점,경기도 시흥시 장곡동 822-4번지 1층,031-404-9291,11:30~22:00
연수동춘점,인천광역시 연수구 동춘동 933-6,032-812-6545,11:00~22:30
연천역점,"경기도 연천군 연천읍 연천역로 7,1층",031-834-1919,10:00~21:00
연희동점,서울 서대문구 연희동 137-10 ,02-336-8489,10:30 ~ 22:30
영광점,전라남도 영광군 영광읍 백학리 21,061-351-0894,11:00~21:00
영남대점,경상북도 경산시 청운로 13-3 1층,053-811-7792,10:00~22:30
영등포구청역점,"서울특별시 영등포구 당산동3가  223-7, 1층",02-2677-7749,10:00 ~ 23:00
영등포문래점,"서울특별시 영등포구 문래로 77,",02-562-2707,10:00~22:00
영산대점,"부산광역시 해운대구 반송순환로 141,2층",051-545-9888,10:30~21:30
영선점,부산광역시 영도구 남항로 49번길 43호,051-412-2088,10:00~22:30
영종넙디점,인천 중구 운서동 2929-3 106호,032-752-0203,11:00~22:30
영진전문대점,대구 북구 복현로 31 (복현동) 1층,053-583-2262,10:00~22:00
영천창신점,경상북도 영천시 언하공단로 87(망정동) 1층,054-338-2333,11:00~21:00
영통1호점,경기도 수원시 영통구 덕영대로 1555번길 13,031-206-8114,11:00~21:40
영통2호점,경기도 수원시 영통구 봉영로 1759번길8-9,031-202-1171,10:20~21:30
영통역점,"경기도 수원시 영통구 봉영로 1590, 118-1호",031-202-5558,10:00~22:30
예산산성점,충청남도 예산군 예산읍 역전로 148,041-332-7389,10:00~22:00
오남양지점,경기도 남양주시 오남읍 진건오남로 812 1층,031-574-7503,11:00~22:00
오류동역남부점,서울특별시 구로구 오류2동 155-10,02-2066-9370,10:00~21:30
오류동역점,"서울특별시 구로구 오류동  55-50, 2층",02-3666-2244,10:00~21:30
오산갈곶점,경기 오산시 오산로 91-12 (갈곶동) 1층 1호,031-376-3988,10:00~23:00
오산공군기지점,경기도 평택시 신장동  298-19 오산레포츠센터 2층,031-669-4377,10:00~21:30
오산대점,"경기도 오산시 청학로 39, 2층",031-378-4545,10:30~21:00
오산세교점,"경기도 오산시 수청로 197, 2층",031-378-7666,11:00~21:30
오산수청점,경기도 오산시 수청동  620-1번지 백현프라자 1층,031-376-9292,11:00~22:00
오산시청점,"경기도 오산시 운암로 19 (중앙상가 , 원동)102호",031-377-6262,11:00~23:00
오송2지구점,충북 청주시 흥덕구 오송읍 봉산리 1080 1층,043-238-2333,11:00~21:00
오이도점,경기도 시흥시 정왕3동 2017-4호,031-433-9282,12:00~22:00
오창2산단점,충청북도 청주시 청원구 오창읍 주성리 578번지 103호 (2산단로 134),043-211-0170,11:00~21:30
오창과학단지점,충청북도 청주시 청원구 오창읍 각리 652-2,043-215-0011,10:00~21:00
오태북삼점,경상북도 칠곡군 북삼읍 금오대로8길 6-2 (북삼읍 인평리 1088-2번지),054-972-5582,10:00~21:30
옥동점,울산광역시 남구 법대로95번길 16,052-267-3392,11:00~22:00
옥현주공점,울산광역시 남구 옥현로 46번길 5-2,052-224-7304,10:30~22:00
온양온천점,"충청남도 아산시 온궁로 27, 2층",041-533-9280,10:00~22:00
온천장점,부산광역시 동래구 온천장로119번가길 7,051-555-1579,10:30~21:30
와동점,"경기도 안산시 단원구 와동 819-15번지 (와동공원로 57-1 (와동,1층))",031-483-1414,11:00~22:50
완도점,전라남도 완도군 완도읍 가용리 1070-1번지 101호,061-554-0050,10:00~21:00
완주봉동점,"전라북도 완주군 봉동읍 과학로 1033,1층",063-263-2010,10:00~22:00
완주상관신리점,전라북도 완주군 상관면 신리 607-2 지큐빌상가 109호,063-231-9949,11:00~21:30
왕십리뉴타운점,"서울특별시 성동구 왕십리로 410, 1동 1층 162호",02-2281-8871,11:00~21:30
왜관점,경상북도 칠곡군 왜관읍 왜관리 230-10,054-972-3038,11:00~21:30
외동입실점,경상북도 경주시 외동읍 입실로 72,054-777-5002,11:00~21:30
용인고림점,경기 용인시 처인구 고림동 736-26 ,031-333-3343,11:00 ~ 22:00
용인구성점,경기도 용인시 기흥구 구성로 110,031-281-4114,10:30~22:00
용인남사점,"경기도 용인시 처인구 남사면 완장리 954,1층 맘스터치",031-336-7090,10:30~22:00
용인단대점,"경기도 용인시 수지구 죽전동  1323-4번지 (죽전로144번길 7-10, 1층(죽전동))",031-898-2002,10:00~22:00
용인동백점,경기도 용인시 기흥구 동백중앙로 265,031-287-1900,11:00~22:00
용인둔전점,경기도 용인시 처인구 포곡읍 포곡로 99,031-333-9991,10:00~22:00
용인민속촌점,경기 용인시 기흥구 사은로 86 (보라동) 1층,031-282-9272,11:00~22:00
용인백암점,경기 용인시 처인구 백암면 백암로185번길 5 (백암리) 1층,031-321-6883,10:00~23:30
용인보정점,"경기도 용인시 기흥구 죽전로 50,(103,104호)",031-261-0566,10:30~22:30
용인상갈점,경기도 용인시 기흥구 상갈동  473,031-284-9284,11:00~22:00
용인상현역점,"경기도 용인시 수지구 광교중앙로 319, 1층 106~107호",031-214-2202,11:00~21:30
용인신봉점,"경기도 용인시 수지구 신봉동  965, 101동 101호",031-272-8245,10:30~21:30
용인양지점,경기도 용인시 처인구 양지면 양지리 569-2,031-333-7970,10:30~22:00
용인역북점,경기 용인시 처인구 명지로16번길 9-23 (역북동) ,031-333-0220,10:30~23:00
용인천리점,경기 용인시 처인구 이동읍 천리 237-26 1층,031-338-6777,10:00 ~ 22:00
용인흥덕점,"경기도 용인시 기흥구 흥덕중앙로 41, 105,106호",031-216-4982,10:30~21:30
용호점,부산광역시 남구 용호로 158 (용호동395-12),051-612-5757,11:00~21:00
우송대점,"대전광역시 동구 동대전로 165,2층",042-639-0008,10:00~21:30
우장산역점,"서울특별시 강서구 내발산동  719-5, 2층 2호",02-2664-1212,10:00~21:30
운정2호점,경기도 파주시 미래로602번길 35,031-943-8008,10:30~22:00
운정산내마을점,"경기도 파주시 청암로17번길 53,108.109호",031-935-5011,10:00~21:30
울산강동산하점,울산광역시 북구 산하동  232,052-293-7898,11:00~21:30
울산공업탑점,"울산 남구 삼산로 26 (신정동, 공업탑 하트랜드) ",052-266-2334,10:30~22:30
울산과학대점,"울산광역시 남구 대학로37번길 12,1층",052-249-4292,10:00~21:00
울산남외점,"울산광역시 중구 남외3길 7, 107호",052-296-9242,11:00~22:30
울산다운점,울산광역시 중구 다운로 113,052-222-9400,11:00~22:00
울산달동점,울산광역시 남구 삼산동  1479-5 더블유센터 102호,052-265-8242,11:00~22:30
울산대송점,울산광역시 동구 학문로 71,052-234-2002,11:00~21:30
울산대왕암점,"울산광역시 동구 등대로 99, 대왕암상가 A동 1층 2호 (일산동)",052-234-3250,10:00~22:30
울산대점,울산광역시 남구 무거동  850-4,052-224-9282,10:00~23:30
울산동구현대점,울산광역시 동구 방어진순환도로 899 현대백화점 B1층,052-250-4955,10:30~19:40
울산명촌점,울산광역시 북구 명촌10길 27,052-287-8592,11:00~20:50
울산모다아울렛점,울산광역시 북구 진장유통로 78-6 4층 모다아울렛,052-935-3073,11:00~22:00
울산문현점,울산광역시 동구 문현2길 5,052-232-1620,11:00~22:00
울산박상진로점,울산광역시 북구 송정동  334-1 1층,052-700-5050,11:00~22:00
울산복산점,"울산광역시 중구 화합로 479, 1층",052-285-2020,11:00~21:30
울산삼호초등학교점,울산광역시 남구 굴화4길 27 (무거동 296-1),052-222-1131,10:00~22:30
울산서부점,울산광역시 동구 서부동 257-44,052-251-5587,11:00~22:00
울산성남점,울산광역시 중구 성남동 256-24,052-248-3388,11:00~23:00
울산성안점,"울산광역시 중구 성안로 184, 1층",052-246-4243,11:00~20:30
울산송정점,"울산광역시 북구 화산중앙로 94-5, 1층 117호",052-285-4226,10:00~23:00
울산신선도원점,울산광역시 북구 진장17길 10 2층 신선도원몰,052-916-0254,11:00~21:00
울산신정푸르지오점,울산광역시 남구 중앙로 290,052-258-8007,10:50~21:00
울산약사점,"울산광역시 중구 곽남7길 3, 1층",052-294-0998,10:30~22:00
울산웅촌점,울산광역시 울주군 웅촌면 곡천동문길 10,052-249-4515,10:00~22:00
울산월드메르디앙점,"울산광역시 남구 신정로 75, 삼정글린코아 112호",052-227-1252,10:00~22:00
울산유곡점,울산광역시 중구 평동1길 42,052-248-0815,10:30~21:30
울산유니스트대학점,울산광역시 울주군 언양읍 유니스트길 50,,11:10~22:30
울산일산점,울산광역시 동구 일산동  579-31,052-233-9666,10:00~22:00
울산장현점,"울산광역시 중구 종가로 735, 1층",052-295-3339,10:30~22:00
울산전하점,"울산광역시 동구 전하로 33, 104동 105호",052-234-9284,10:30~22:30
울산진하점,울산광역시 울주군 서생면 진하해변길 72,052-239-2885,10:00~23:00
울산천곡점,"울산광역시 북구 상안동 367-10 (아진로 80, 가동 (상안동))",052-297-9992,11:00~21:00
울산청량점,울산광역시 울주군 청량면 상남리 809-9,052-267-9991,11:00~21:00
울산혁신도시점,"울산광역시 중구 종가4길 19, 1층 106호",052-246-9244,10:30~22:00
울산호계CGV점,"울산광역시 북구 신천동  51, 2층",052-286-0700,10:30~22:00
울산화봉동점,"울산광역시 북구 두부곡4길 24, 1층",052-288-0020,11:00~23:00
울주언양점,"울산광역시 울주군 언양읍 헌양길 157, 1층",052-254-9987,11:00~22:30
울주자수정점,"울산광역시 울주군 삼남면 자수정로 23, 1층",052-263-0077,10:30~22:00
울진죽변점,경상북도 울진군 죽변면  죽변북로 47-6번지,054-783-9688,11:00~21:00
울진후포점,경상북도 울진군 후포면 후포삼율로 98,054-787-6288,11:00~21:00
원광대점,전라북도 익산시 신동 763-13번지 2층,063-852-0125,10:00~22:30
원주기업도시점,"강원도 원주시 지정면 가곡리 1495-1, 118-119호",033-743-9996,10:30~22:00
원주단구점,강원도 원주시 단구동 1654-2 (단구로 391) 033-765-8981,033-765-8980,11:00~23:00
원주롯데시네마점,강원도 원주시 서원대로 406 리더스타워 2층,033-765-5010,11:00~22:00
원주무실점,강원도 원주시 능라동길 63,033-732-5592,11:00~22:00
원주우산점,강원도 원주시 상지대길 56,033-732-9888,10:00~23:00
원주중앙점,강원도 원주시 원일로115번길 10 (일산동),033-748-7786,11:00~21:30
원주혁신도시점,강원도 원주시 혁신로 55 골든스퀘어1차203호,033-746-7667,11:30~21:00
원주흥업점,강원도 원주시 남원로 85,033-762-8200,09:30~22:30
원지점,경상남도 산청군 신안면 하정리 630-23,055-974-3357,11:00~21:00
월계역점,"서울특별시 노원구 월계동  635-6,107호",02-900-7111,10:00 ~ 21:30
월성본동점,대구광역시 달서구 학산로7길 82,053-555-3517,11:00~20:00
월피부곡점,경기도 안산시 상록구 부곡동 538-3번지 1층 105호,031-406-4122,12:00~22:30
웨스턴돔점,"경기도 고양시 일산동구 정발산로 24, 웨스턴돔2, 1층",031-903-4467,11:00~22:00
위례중앙점,"서울특별시 송파구 위례광장로  270 125호,1층",02-400-5833,10:30~22:00
위례창곡점,"경기도 성남시 수정구 창곡동  513, 203호",031-755-1471,10:30~22:30
율하관동점,경상남도 김해시 율하3로91번길 14-17,055-325-6692,10:50~22:00
율하광장점,대구광역시 동구 율하동  1438번지 106호,053-963-7005,10:30~22:30
율하중앙점,"경상남도 김해시 율하동 1335-2번지 2층 (율하3로 41, 203 (율하동,네오코아))",055-323-2260,11:00~22:30
은평갈현점,서울특별시 은평구 갈현동  460-1,02-389-5566,11:00~22:30
은평구청점,서울특별시 은평구 녹번동  208,02-355-7449,10:30~21:30
은평불광1호점,서울특별시 은평구 불광로 80,02-382-7005,10:50~21:50
은평응암점,서울특별시 은평구 증산로 473,02-303-9804,11:00~22:30
음성읍내점,충북 음성군 음성읍 시장로 69 (읍내리) ,043-872-9582,10:30~22:00
음성혁신도시점,"충청북도 음성군 맹동면 대하로 273, 지음프라자 102호",043-881-6467,11:00~21:00
의왕고천점,경기 의왕시 고천동 234-6 103호,031-429-2282,10 : 30 ~ 22 : 00
의왕내손점,경기도 의왕시 내손동  416-3,031-422-8880,10:00~22:00
의왕역점,경기도 의왕시 철도박물관로 71 (삼동 193-10),031-462-3887,10:30~22:00
의왕오전점,경기 의왕시 오전로 206 (오전동) 1층,031-427-4546,10:30~22:00
의왕포일점,"경기 의왕시 포일동 660-2 103,104,105호",031-423-7946,10:30 ~ 22:00
의정부경민점,경기도 의정부시 가능동   697-5(1층),031-878-8982,11:00~23:00
의정부고산점,"경기도 의정부시 바대논길 21(고산동, 해인프라자) 111~112호",031-856-8833,09:00 - 22:00
의정부금오지구점,경기도 의정부시 청사로47번길 18,031-851-8510,11:00~23:00
의정부민락2지구점,"경기도 의정부시 오목로 225번길 141,1층",031-851-1080,10:30~22:30
의정부신곡점,"경기도 의정부시 발곡로 27,1층",031-878-3309,11:00~22:00
의정부역점,경기도 의정부시 신흥로240번길 26,031-877-8982,10:00~22:40
의정부용현점,"경기도 의정부시 용민로 64 103,104호",031-853-8253,11:00~21:40
의정부행복로점,경기도 의정부시 시민로 121번길 31,031-848-8982,11:00~22:40
이대점,서울특별시 서대문구 대현동  40-40,02-365-1799,10:30~21:30
이도점,제주특별자치도 제주시 구남로6길 36 1층,064-752-9282,11:00~21:30
이수점,"서울특별시 동작구 동작대로 27길 15, 2층",02-533-6912,10:00~21:40
이시아폴리스점,"대구광역시 동구 팔공로 250, 107호",053-984-8942,10:30~22:30
이월드점,대구광역시 달서구 두류공원로 200,053-721-7843,10:00~18:00
이천롯데마트점,"경기 이천시 구만리로 191 (안흥동, 이천 롯데캐슬 골드스카이) 1층",031-638-6600,10:00~22:00
이천마장점,경기도 이천시 마장면 오천리 59-7,031-633-2633,11:00 ~ 22:00
이천장호원점,경기 이천시 장호원읍 장호원리 40-1 2층,031-643-4030,10:30~21:30
이천점,"경기도 이천시 창전동  161-13, 2층",031-637-2172,11:00~21:30
이천증포점,경기도 이천시 이섭대천로 1376,031-632-1106,10:30~22:00
이천하이닉스점,"경기도 이천시 부발읍 아미리 671, 1층",031-635-2323,10:30~22:00
익산부송점,전라북도 익산시 부송1로 74,063-833-0110,
익산영등학원가점,전라북도 익산시 영등동   750-1,063-842-5622,10:30~21:00
인덕원역점,경기 안양시 동안구 흥안대로 521 (관양동) 2층,031-422-8280,10:30~22:00
인제서화점,강원도 인제군 서화면 서화리 1120-29,033-463-9279,11:00~20:30
인제신남점,강원도 인제군 남면 신남로58번길  21,070-4411-8657,11:00~20:00
인제원통점,"강원도 인제군 북면 원통리 711-18, 2층",033-461-1118,10:30~22:00
인천가좌점,"인천광역시 서구 장고개로337번길 16, 403동 105호",032-577-4731,11:00~22:00
인천간석만월산점,인천광역시 남동구 호구포로 917,032-441-7942,11:00~22:00
인천간석점,인천광역시 남동구 간석동   284-2,032-439-9955,10:30~23:00
인천검단금호점,인천 서구 원당동 1030-3 2층 204호,032-565-8123,11:00~22:00
인천검암점,인천광역시 서구 검암동  596-3,032-562-8488,11:00~22:00
인천관교점,인천광역시 남동구 구월동  1398,032-424-7888,11:00~22:30
인천구월로데오점,인천 남동구 성말로13번길 15 (구월동 메인프라자) 123호 208호,032-422-7923,10:00~22:00
인천길병원점,"인천광역시 남동구 구월남로 182,1층",032-466-9977,11:00~22:30
인천논현중앙점,인천 남동구 논고개로136번길 5-11 (논현동) 1층,032-434-4353,11:00~21:00
인천당하점,인천광역시 서구 당하동  1097-8,032-563-3398,11:00~22:00
인천대제3기숙사점,인천광역시 연수구 아카데미로 119,032-858-3211,11:00~22:00
인천도화점,인천광역시 남구 도화동  1006-3,032-763-7788,10:15~21:30
인천동암역점,인천광역시 부평구 동암남로 4,031-421-5542,11:00~20:50
인천루원시티점,인천 서구 가정동 616-1 1층,032-566-0721,11:00 ~ 22:00
인천만수2호점,인천광역시 남동구 만수서로83번길 26,032-462-9279,11:00~22:00
인천만수3지구점,인천광역시 남동구 만수동  1019-5,032-466-8300,11:00~22:00
인천불로점,"인천 서구 검단로 783 (불로동, 정모빌딩) 101호",032-567-8588,11:00~22:00
인천서구청점,인천광역시 서구 심곡동 247-11,032-568-1191,11:30~21:10
인천서창2지구점,인천광역시 남동구 서창동  691-1,032-473-3382,11:00~23:00
인천송림점,인천 동구 샛골로210번길 9 (송림동) 백병원 앞 황금프라자 건물 내 위치,032-763-0707,11:00 ~ 22:00
인천숭의역점,인천광역시 남구 숭의동  331-12(미추홀구 인주대로 51) 113호,032-888-4264,
인천신현점,인천광역시 서구 신현동  283-2,032-578-0001,11:30~21:30
인천연수점,인천광역시 연수구 연수동  600-6,032-818-8255,11:00~22:00
인천옥련점,인천광역시 연수구 옥련동 195-2 영인빌딩 2층,032-834-8255,11:00~22:00
인천용현동점,"인천광역시 남구 용현동  627-534,1층",032-882-5582,11:00~22:30
인천원당점,인천 서구 원당동 824-10 대산프라자 107호,032-567-1239,10:30~22:00
인천임학점,인천광역시 계양구 임학동  6-23,032-547-1233,11:00~22:00
인천작전점,인천광역시 계양구 주부토로 372,032-345-5571,11:00~22:30
인천하늘도시점,인천광역시 중구 중산동 1885-12,032-751-9669,10:00~21:45
인하대점,인천광역시 남구 용현동 182-6,032-875-5542,10:00~23:00
일곡점,광주광역시 북구 송해로 81 1층,062-576-5045,11:00~22:30
일광신도시점,부산광역시 기장군 일광면 삼성리 825-2 제일프라자 101호,051-722-8003,10:30~22:30
일도동문점,제주특별자치도 제주시 건입동  1264-15,064-702-9933,10:30~22:00
일산가좌점,경기도 고양시 일산서구 가좌3로 25,031-922-2252,10:40~21:30
일산국립암센터점,"경기도 고양시 일산동구 일산로  323,1층",031-920-0263,10:00~20:00
일산대화역점,경기도 고양시 일산서구 중앙로 1581 1층,031-923-3269,11:00~22:20
일산덕이점,"경기 고양시 일산서구 하이파크2로 40 (덕이동, 금문프라자) 201호",031-921-9941,11:00~22:00
일산동점,경기도 고양시 일산서구 일산동  2023,031-917-9282,12:00~23:00
일산마두백마점,경기도 고양시 일산동구 일산로 249,031-908-9982,11:00~22:00
일산마두역점,"경기도 고양시 일산동구 강석로 123,A동 140호",031-901-3212,10:00~21:30
일산백석점,경기도 고양시 일산동구 중앙로 1080,031-907-2141,10:50~22:00
일산탄현점,경기도 고양시 일산서구 일현로 48 101호,031-919-7877,11:00~22:30
일산하늘마을점,"경기도 고양시 일산동구 중산동  1836-2, 103호",031-975-7711,11:00~22:00
일산후곡점,경기도 고양시 일산서구 일산동  1081-1,031-922-1236,11:00~21:20
자양성자초교점,서울 광진구 자양동 636-29 ,02-453-3400,10:30~22:00
잠실1호점,서울특별시 송파구 백제고분로 187,02-424-1229,10:00~22:30
잠실새내역점,"서울특별시 송파구 올림픽로 116-1, 2층",02-424-2554,10:30~22:30
잠실야구장점,서울특별시 송파구 올림픽로 25,02-3432-8662,
장산역점,"부산 해운대구 해운대로 814 (좌동, 세종월드프라자) 1층 145호",051-702-5003,11:00~22:30
장성상무대점,"전라남도 장성군 삼서면 삼계리 1, 학성회관 2층",,
장승포점,"경상남도 거제시 능포동  674-2 리더스빌딩 2,3층",055-681-6242,10:00~22:00
장위뉴타운점,서울 성북구 돌곶이로40길 46 (장위동 꿈의숲 아이파크) 703,02-909-3917,10:00~21:30
장유롯데마트점,"경상남도 김해시 삼문로 15,1층",055-311-0519,10:00~22:00
장항점,충청남도 서천군 장항읍  신창리 150-28번지 (장항로 145번길 12),041-956-4288,10:30~21:30
재능대점,인천광역시 동구 송림동 343 동산휴먼시아 상가동 207호,032-764-5580,10:00~21:30
전곡점,경기도 연천군 전곡읍 전곡리 152번지,031-835-7750,11:00~20:40
전남고흥점,전라남도 고흥군 고흥읍 남계리 683-1,061-832-9933,10:00~21:00
전남곡성읍점,전라남도 곡성군 곡성읍 군청로 51,061-362-3377,10:30~22:00
전남과학대점,전라남도 곡성군 옥과면 옥과리 221-2,061-363-0027,11:00~22:00
전남광양읍점,전라남도 광양시 광양읍 대림오성로 136,061-761-3800,10:00~22:00
전남대점,광주 북구 용봉동 160-20 2층,062-251-0900,10:00~21:30
전남벌교점,전라남도 보성군 벌교읍 계성1길 12-1,061-858-3300,10:00~22:00
전남보성읍점,전라남도 보성군 보성읍 중앙로 57 1층,061-852-4266,10:00~21:00
전남장성점,전라남도 장성군 장성읍 영천로 177,061-394-3944,11:00~22:30
전남장흥점,전라남도 장흥군 장흥읍 부동로 18,061-864-0042,10:00~23:00
전남함평점,전남 함평군 함평읍 영수길 259 (기각리) ,061-323-1503,10:00~22:00
전북고창읍점,전라북도 고창군 고창읍 중앙로 230,063-564-0555,11:00~20:50
전북대점,전라북도 전주시 덕진구 명륜4길 4,063-252-0054,10:30~22:30
전북도청점,전북 전주시 완산구 홍산중앙로 18 (효자동3가) ,063-229-9982,09:00~02:00
전북순창점,전라북도 순창군 순창읍 장류로 362,063-653-6787,10:30~21:00
전북임실점,전라북도 임실군 임실읍 운수로 50,063-644-1313,
전주객사점,전라북도 전주시 완산구 경원동1가  56-1번지,063-288-0085,10:30~22:00
전주금암점,전라북도 전주시 덕진구 백제대로 642(금암동),063-253-5689,11:00~22:30
전주동산점,"전라북도 전주시 덕진구 동산동  704-6,1층",063-214-0652,10:00~22:00
전주만성지구점,전북 전주시 덕진구 만성동 1261-1 비전타워 2 1층,063-211-8866,11:00~22:00
전주서부시장점,전라북도 전주시 완산구 효자동1가  202-2,063-227-3132,10:30~22:00
전주서신점,전라북도 전주시 완산구 중화산동2가 744-1,063-224-2220,10:00~24:00
전주안골점,"전라북도 전주시 덕진구 인후동1가   772-5,1층",063-242-1115,10:30~22:00
전주에코시티점,전라북도 전주시 덕진구 세병로 137 에코시티자이2차 213동 106호,063-254-7899,11:00~22:00
전주인후점,전라북도 전주시 덕진구 인후동1가  846-1,063-242-4909,10:00~22:30
전주평화점,전라북도 전주시 완산구 소대배기로 17번지,063-229-3122,10:00~22:00
전주혁신도시점,전라북도 완주군 이서면 안전로 163 1층 108호,063-227-1301,10:00~22:00
전주호성점,전라북도 전주시 덕진구 호성동1가 587-39,063-243-9288,11:00~22:00
정관달산점,부산 기장군 정관읍 달산리 1222-3 1층,051-728-2255,10:30 ~ 21:30
정관모전점,"부산광역시 기장군 정관읍 모전1길 6-37,",051-728-2585,11:00~22:30
정선읍점,강원도 정선군 정선읍 봉양리 324-33,033-562-9279,11:00~22:00
정선하이원점,"강원도 정선군 고한읍 하이원길 500, 스키하우스 3층",033-591-8823,10:00~19:00
정왕점,경기도 시흥시 정왕4동 1884-7 한양코아 1층,031-497-9288,10:30~23:50
정읍점,전라북도 정읍시 시기동 189-4,063-534-9292,11:00~21:00
제물포점,인천광역시 남구 경인로 131,032-888-1313,10:30~22:00
제주관광대점,제주특별자치도 제주시 애월읍 평화로 2729,064-747-5599,11:00~20:15
제주남원점,제주특별자치도 서귀포시 남원읍 태위로 677-2,064-764-8299,11:00~21:40
제주대점,제주특별자치도 제주시 제주대학로 115(아라2동 1층),064-726-9299,11:00~17:00
제주대정점,"제주특별자치도 서귀포시 대정읍 상모로 302,1층",064-792-9299,11:00~21:00
제주성산점,"제주특별자치도 서귀포시 성산읍 일주동로 4234,1층",064-782-9995,11:30~20:50
제주시청점,"제주특별자치도 제주시 이도이동  1773-1, 2층",064-725-9282,11:00~23:00
제주아라점,"제주특별자치도 제주시 아란7길 4,1층",064-755-8299,11:30~22:00
제주애월고점,제주특별자치도 제주시 애월읍 일주서로 6365,064-799-3355,11:00~21:30
제주에듀시티점,제주특별자치도 서귀포시 대정읍 보성리 2372-3 ,064-792-0092,11:00 ~ 22:00
제주연동점,제주특별자치도 제주시 삼무로 23 (연동) 1층,064-744-7979,11:00~22:00
제주연북로점,"제주특별자치도 제주시 노형동  944-16,1층",064-745-9200,11:00~22:30
제주연삼로점,"제주특별자치도 제주시 연삼로 503,1층",064-756-9299,11:00~21:00
제주외도점,제주특별자치도 제주시 우령2길 40 (외도1동) 1층,064-711-8299,11:00~22:10
제주중앙로점,제주특별자치도 제주시 중앙로 60 중앙지하상가 127호,064-755-4882,11:00~19:00
제주터미널점,제주특별자치도 제주시 서광로 167,064-753-9922,09:30~21:00
제주표선점,제주특별자치도 서귀포시 표선면 표선중앙로 8-4,064-787-9582,11:00~20:00
제주한림점,"제주특별자치도 제주시 한림읍 명랑로 2, 1층",064-796-3699,11:00~21:50
제주함덕점,제주특별자치도 제주시 조천읍 함덕로 38,064-783-9299,11:00~21:40
제주화북남문점,"제주특별자치도 제주시 일주동로 192(화북1동, 1층)",064-702-4448,11:00~20:30
제천세명대점,"충청북도 제천시 모산동  108-2, 6번지 1층",043-644-8824,10:30~21:30
제천신백점,충청북도 제천시 신백동  183-1번지 (의병대로 245 (신백동)),043-648-9588,10:00~22:30
제천장락점,충청북도 제천시 신죽하로 53,043-642-4900,10:00~22:00
제천하소점,충청북도 제천시 용두대로15길 18-1,043-647-9688,10:30~23:30
조치원역점,"세종특별자치시 조치원읍 으뜸길 226,1층",044-862-3535,10:00~22:00
조치원죽림점,세종특별자치시 조치원읍 죽림리 114-1 럭스스퀘어 201호,044-905-0092,10:00~21:30
종각역점,서울특별시 종로구 종로2가  102-1,02-738-7771,10:30~22:30
종로대학로점,서울특별시 종로구 명륜4가  12-3,02-744-3618,10:00~23:00
주문진점,강원도 강릉시 주문진읍 교항리 74-6,033-661-4858,11:00~21:30
주안신기점,인천광역시 남구 신기길 1,032-861-0979,10:45~22:00
주엽점,"경기도 고양시 일산서구 중앙로 1456(110,111호)",031-913-3333,11:00~22:00
죽동점,대전광역시 유성구 죽동로 298번길 76,042-825-3558,11:00~21:40
죽전새터마을점,"경기도 용인시 수지구 현암로 121, 2층(208,209호)",031-898-3737,10:00~22:00
중곡역점,서울특별시 광진구 중곡동  166-34,02-462-3300,10:30~22:10
중동미리내점,경기도 부천시 원미구 중동  1144-2,032-321-1382,10:30~22:00
중동역점,경기도 부천시 원미구 중동  808,032-613-3946,11:00~22:40
중동현대점,경기도 부천시 원미구 중동  1161-2,032-321-3929,10:30~22:00
중랑역점,"서울특별시 중랑구 망우로 211,1층",02-433-2344,10:30~1:40
중문점,제주특별자치도 서귀포시 중문동  2050-5번지,064-738-8299,10:30~22:30
중산마을점,경기 고양시 일산동구 탄중로 324 (중산동) 104 105호,031-976-6320,11:00~23:00
중앙대점,서울특별시 동작구 흑석로 99,02-3280-3999,10:30~22:00
중화역점,서울특별시 중랑구 중화동  285-11,02-433-3309,10:30~22:20
지산리조트점,경기 이천시 마장면 해월리 358 J플라자 1층,000-0000-0000,10:00~22:20
지축역점,경기도 고양시 덕양구 지축1로 39 203호,02-371-0315,10:00~22:00
진도점,전라남도 진도군 진도읍 쌍정리 15-8번지 101동 201호,061-544-4292,11:00~21:30
진동점,경상남도 창원시 마산합포구 진동면 진동리 432-7 (진동면 진북산업로 23),055-271-9203,11:00~23:00
진영신도시점,"경상남도 김해시 진영읍 김해대로361번길 3, 104(골든프라자빌딩) , (진영읍 진영리 1605-5)",055-345-7792,11:00~22:30
진접해밀초점,"경기도 남양주시 진접읍 해밀예당3로 95, 104호",031-571-7700,10:00~21:30
진주과기대점,"경상남도 진주시 동진로 29, 2층",055-752-7566,10:00~22:00
진주금산점,경남 진주시 금산면 장사리 979-9 ,055-762-9003,10:00 ~ 22:00
진주정촌점,경남 진주시 정촌면 예하리 1290-1 1층 101호,055-752-1049,10:00~22:00
진주초장점,"경상남도 진주시 초장로14번길 24 (초전동) , (초전동 1641-4번지)",055-761-6717,11:00~21:00
진주평거점,경상남도 진주시 진양호로 84,055-748-7075,10:00~22:00
진주하대점,경상남도 진주시 도동로 213,055-754-0777,11:00~21:30
진천읍내점,충청북도 진천군 진천읍 상산로 84-6 1층,043-533-7771,11:00~21:30
진해신항점,"경남 창원시 진해구 신항동로 121 (용원동, 오렌지타운) 1층 111호",055-544-0072,10:00~22:00
진해용원점,경상남도 창원시 진해구 용원서로39번길 16,055-544-3236,11:00~22:30
진해자은점,"경상남도 창원시 진해구 자은동  135-1, 자은빌딩 204호",055-551-0052,10:00~21:40
진해장천점,경상남도 창원시 진해구 충장로 662 105호,055-542-9300,10:30~21:30
진해중앙점,경상남도 창원시 진해구 화천동 47-5,055-552-6002,10:00~23:00
창녕남지점,경상남도 창녕군 남지읍 남지리 995-3,055-521-3369,09:00~22:00
창녕영산점,경상남도 창녕군 영산면  동리 219-1,055-521-2525,10:00~21:00
창녕점,경상남도 창녕군 창녕읍 종로 50,055-533-5336,09:00~22:00
창동역점,서울특별시 도봉구 노해로 63길 67,02-900-7925,10:30~23:00
창원NC파크점,경상남도 창원시 마산회원구 삼호로 63,,경기시작 2시간전~경기종료
창원가음점,"경상남도 창원시 성산구 원이대로883번길 15-24, 201호",055-262-0019,10:00~22:00
창원감계점,"경상남도 창원시 의창구 북면 감계로 110번길 54-31,2층",055-299-1649,10:30~22:30
창원대산점,경상남도 창원시 의창구 대산면 제동리 273-58,055-291-9100,11:00~21:30
창원봉림점,경상남도 창원시 의창구 봉림동 713-1 애플타운 201호,055-288-4205,11:00~22:00
창원상남점,경상남도 창원시 성산구 마디미로 16번길 3 2층,055-262-2269,10:20~23:00
창원소답점,"경상남도 창원시 의창구 읍성로 57, 1층",055-253-3525,10:30 ~ 23:00
창원시티세븐점,"경상남도 창원시 의창구 원이대로 332, 1층(대원동, 더시티세븐호텔)",055-600-0996,10:30~21:50
창원신월점,경상남도 창원시 의창구 신사로 41,055-264-0046,10:30~23:00
창원신촌점,"경상남도 창원시 성산구 신촌동  22-1 상가아파트,가-8",055-286-2576,11:00~22:00
창원안민점,경상남도 창원시 성산구 안민안길 46,055-274-1578,11:00~22:00
창원용호점,"경상남도 창원시 의창구 용호동  73-46번지 102호 (원이대로589번길 6-2, 1층 102호(용호동",055-289-7755,10:00~22:00
창원유니시티점,경상남도 창원시 의창구 중동  790 상가2동 128,055-251-1122,10:00~22:00
창원중앙점,"경상남도 창원시 성산구 중앙대로 89, 1층",055-289-8934,10:00~21:00
창원합성점,"경상남도 창원시 마산회원구 양덕북4길 11, 2층",055-293-8259,10:50~22:30
처인구청점,경기도 용인시 처인구 김량장동   301-3 1층,031-321-0017,10:30~23:00
천마산점,경기 남양주시 화도읍 먹갓로 6 (묵현리) 2층 화도워시존 1동,031-511-1633,10:40~21:40
천상점,울산광역시 울주군 범서읍 천상중앙길 104,052-244-2977,11:00~22:30
천안공주대점,충청남도 천안시 서북구 천안대로 1220(신당동),041-554-3392,10:00~22:00
천안남서울대점,"충청남도 천안시 서북구 성환읍 성진로 65, 201호(대학빌딩 2층)",041-582-1992,10:00~21:00
천안단국대점,충청남도 천안시 동남구 신부동 252-1번지 2층,041-578-9288,10:00~21:00
천안두정역점,충청남도 천안시 서북구 두정동  1469,041-556-9288,10:00~21:00
천안두정점,충청남도 천안시 서북구 두정로 173,041-567-9588,11:00~22:30
천안목천점,충청남도 천안시 동남구 목천읍 신계리 166-54,041-555-9242,10:00~22:00
천안백석대점,충청남도 천안시 동남구 문암로 74-4 성지빌딩,041-568-9288,10:00~22:00
천안백석동점,충청남도 천안시 서북구 한들3로 101호,041-566-9288,10:30~22:00
천안법원점,충청남도 천안시 동남구 청수5로 3,041-555-9388,10:00~22:00
천안불당점,충청남도 천안시 서북구 불당동  725번지 미래시티1층,041-553-9288,10:00~23:00
천안불무점,충남 천안시 서북구 불당동 1530 정우프라자 1층 103호,041-565-6688,10:00~23:00
천안성성점,충청남도 천안시 서북구 성성동  179-28,041-523-9928,10:00~22:00
천안성정점,충청남도 천안시 서북구 성정공원3길  4,041-564-9288,12:00~01:00
천안신방점,충청남도 천안시 동남구 수곡로 61 (신방동),041-575-5292,11:00~21:00
천안쌍용1점,"충청남도 천안시 서북구 봉서5길 4,1층",041-576-9985,10:30~22:30
천안쌍용고점,충청남도 천안시 서북구 쌍용동  1894번지 101호1층,041-592-0011,10:30~22:30
천안역점,"충청남도 천안시 동남구 대흥로 227, 1층",041-566-9289,09:30~22:30
천안원마트점,충청남도 천안시 서북구 백석동  604-19,041-567-9294,09:30~22:00
천안직산점,충청남도 천안시 서북구 직산읍 삼은리 311번지,041-587-9288,11:00~22:00
천안차암점,"충청남도 천안시 서북구 밤개울2길  1-2, 1층(차암동)",041-552-9288,10:00~24:00
천안터미널사거리점,"충청남도 천안시 동남구 만남로 50,1층",041-566-9277,10:00~22:30
천안통정점,충청남도 천안시 동남구 통정10로 33-10,041-569-4282,10:00~22:00
천안풍세산단점,충청남도 천안시 동남구 풍세면 보성리 580-59,041-568-8688,11:00~22:00
천호로데오점,서울 강동구 천호대로157길 26 (천호동) 2층 1호,02-477-2278,10:00~22:00
철원동송점,강원도 철원군 동송읍 이평2로 14,033-455-8884,09:00~22:00
청라호수공원점,인천광역시 서구 경서동  976-88,032-561-9920,11:00~22:30
청주가경점,"충청북도 청주시 흥덕구 가경동  1703번지 미젼빌딩,104,105",043-233-0993,10:30~21:50
청주강서점,"충청북도 청주시 흥덕구 서현북로 60, 1층",042-233-7915,10:30~21:50
청주남문로점,충청북도 청주시 상당구 북문로1가  70-2 2층,043-258-6767,10:30~21:30
청주내수점,충북 청주시 청원구 내수읍 내수로 720 (마산리) 1층,043-215-4340,11:00~21:30
청주대점,충북 청주시 청원구 대성로288번길 59 (우암동) 1층,043-223-3392,10:00~20:40
청주동남지구점,충북 청주시 상당구 중고개로 129 (용암동) ,043-288-0707,11:00 ~ 22:00
청주방서지구점,충북 청주시 상당구 2순환로2031번길 6-20 (방서동) 1층,043-284-3300,10:30~22:00
청주복대점,충청북도 청주시 흥덕구 복대동  1142,043-908-8007,11:00~21:50
청주분평점,충청북도 청주시 서원구 분평동  1384번지,043-902-4107,10:30~22:30
청주사직운천점,충청북도 청주시 서원구 사직대로 267-1,043-260-4288,11:00~21:45
청주사천점,"충청북도 청주시 청원구 율봉로 19, 1층",043-212-7755,10:30~21:50
청주성안점,충청북도 청주시 상당구 상당로 81번길 57(서문동) 1층,043-223-6767,10:30~21:30
청주성화점,"충청북도 청주시 서원구 신화로 34, 103호",043-237-8311,10:30~21:50
청주수곡분평점,충청북도 청주시 서원구 청남로 1999,043-286-3900,11:00~22:00
청주오송점,충청북도 청주시 흥덕구 오송읍 만수리 520,043-233-1005,11:00~22:00
청주오창점,충청북도 청주시 청원구 오창읍 중심상업1로 8-9,043-213-3392,10:30~21:30
청주옥산점,충북 청주시 흥덕구 옥산면 오송가락로 1055 (가락리) 106호,043-266-3536,
청주용담광장점,충청북도 청주시 상당구 수영로 299,043-291-8948,10:30~22:00
청주용암2동점,충청북도 청주시 상당구 월평로 222,043-292-3322,10:00~21:30
청주용암점,충청북도 청주시 상당구 낙영로24번길 24 1층,043-284-2030,11:00~21:30
청주우암점,"충청북도 청주시 청원구 우암동  235-25, 1층",043-221-7799,11:00~21:40
청주율량2지구점,충청북도 청주시 청원구 주성로 295,043-222-1147,11:00~21:30
청주율량점,충청북도 청주시 청원구 율봉로 224,043-214-7402,10:30~21:40
청주지웰시티점,"충청북도 청주시 흥덕구 대농로 68, 1층 104호",043-237-3373,10:30~22:30
청주테크노폴리스점,충청북도 청주시 흥덕구 송절동  724,043-276-1009,11:00~21:00
청주하복대점,"충청북도 청주시 흥덕구 증안로 20, 1층",043-235-1008,11:00~22:30
청천점,인천광역시 부평구 산곡동  38-40,032-517-4731,11:00~21:30
청평점,경기도 가평군 청평면 청평리 319-59,031-585-4478,11:00~23:00
초월역점,경기 광주시 초월읍 쌍동리 260-45 ,031-767-5115,10:30~22:20
춘천메가박스점,강원도 춘천시 춘천로17번길  17 뉴타운 1층,033-253-8800,10:00~23:00
춘천석사CGV점,강원도 춘천시 퇴계농공로 22 프라임타워 102호,033-263-9393,10:30~22:30
충남금산점,충청남도 금산군 금산읍 상리 175-28 CU금산앤이시티 102,041-753-9226,10:30~21:30
충남대점,대전광역시 유성구 궁동 416-1,042-825-9259,11:00~20:40
충남부여점,충청남도 부여군 부여읍 중앙로 12,041-837-9288,10:30~21:30
충남서천점,충청남도 서천군 서천읍 서천로 139 1층,041-953-9288,09:00~21:30
충남청양점,충남 청양군 청양읍 읍내리 221-1 ,041-942-1123,11:00~22:20
충남태안점,"충청남도 태안군 태안읍 동문1길 73, 명동빌딩 1층",041-673-8892,10:00~21:00
충대중문점,충청북도 청주시 서원구 내수동로102번길 36,043-265-9770,11:00~21:00
충무공점,"경상남도 진주시 충무공동  282-6번지 207호 (충의로 20-17, 207호 (충무공동, 가온누",055-752-4090,11:00~22:00
충북광혜원점,충청북도 진천군 광혜원면 중리1길 5,043-536-0880,11:00~22:00
충북금왕점,충청북도 음성군 금왕읍 무극로 269,043-877-4320,10:00~21:30
충북단양점,"충청북도 단양군 단양읍 도전리 159,2층",043-421-0915,10:30~21:30
충북대소점,충청북도 음성군 대소면 대동로 876 1층,043-882-9997,11:00~21:30
충북대점,"충청북도 청주시 서원구 1순환로 686(사창동), 1층",043-265-7770,11:00~21:00
충북보은점,충청북도 보은군 보은읍 뱃들로 55-6,043-544-7060,11:00~22:00
충북영동점,충청북도 영동군 영동읍 중앙로3길 7 (계산리 686-21),043-744-4458,11:00~21:00
충북옥천점,충청북도 옥천군 옥천읍 중앙로 56,043-733-1017,10:30~21:30
충북제천점,충청북도 제천시 의림대로 112,043-653-8982,10:00~21:50
충북증평점,충청북도 증평군 증평읍 중앙로 179번지 1호,043-838-6400,11:00~21:30
충주건대점,충청북도 충주시 충원대로 266 (단월동 해오름학사1층),043-857-9800,11:00~22:30
충주교통대점,"충청북도 충주시 대소원면 용두제방길 4, 1층",043-847-0095,11:00~20:00
충주성서점,"충청북도 충주시 성서동  320,321 1층",043-846-6780,11:00~21:30
충주연수점,충청북도 충주시 갱고개로 143,043-845-9778,11:00~21:50
충주용산점,충청북도 충주시 용산동 1611-4,043-845-9282,11:00~23:00
충주칠금점,충청북도 충주시 계명대로 35,043-855-2559,11:00~21:30
충주호암점,충청북도 충주시 호암동  1081,043-855-5430,11:00~21:30
충청대점,충북 청주시 흥덕구 강내면 탑연리 164-3 1층,043-238-0789,10:00~22:00
칠곡석적점,경상북도 칠곡군 석적읍 중리 203-2,054-977-8230,10:00~23:30
칠곡운암역점,대구 북구 구암동 652 1층,053-217-6095,10:00~22:30
칠원광려천점,"경남 함안군 칠원읍 오곡로 92 (오곡리, 행운마트) 1층",055-586-8888,11:00 ~ 21:00
캠퍼스타운역점,"인천 연수구 송도동 149 캠퍼스에비뉴상가 A동 108, 109호",032-818-9094,09 : 00 ~ 22 : 30
킨텍스원시티점,"경기도 고양시 일산동구 장항동  1753( 태극로 8, 상가1동 106호)",031-912-8883,11:00~23:00
태릉입구역점,서울 노원구 동일로 1000 (공릉동) 1층,02-2039-5589,11:00~22:00
태전중앙로점,경기도 광주시 태전동  702-34,031-766-6200,11:00~22:00
태평역점,"경기도 성남시 수정구 수정로 80, 우리빌 104호 (수진동 2965)",031-755-8847,10:00~22:00
태화점,울산광역시 중구 태화로 194,052-244-9001,11:00~21:30
테라스용산점,"서울 용산구 한강대로 95 (한강로2가, 래미안용산 더 센트럴) 1층 113호",02-790-1123,11:00 ~ 22:00(임의)
통영도남점,"경상남도 통영시 도남로 270,1층",055-648-8847,10:00~22:00
통영점,경상남도 통영시 북신동  1-1번지 2층,055-641-1333,10:00~21:00
통영죽림점,경상남도 통영시 광도면 죽림1로 17-37,055-642-5456,10:00~22:00
통영중앙점,"경상남도 통영시 중앙로 141,1층",055-648-1999,11:00~23:00
트리플스트리트점,"인천광역시 연수구 송도과학로 16번길33-4,D동지하 1층 B101호",032-310-9699,10:00~22:00
파동점,"대구광역시 수성구 파동로 123, 1층(파동)",053-766-5888,11:00~22:00
파장시장점,"경기도 수원시 장안구 장안로 272-9, 1층",031-271-6133,10:00~22:00
파주LG디스플레이점,경기도 파주시 월롱면 엘씨디로 201 복지동 A,031-943-4030,11:30~22:00
파주광탄점,경기 파주시 광탄면 혜음로 1122 (신산리) 1층,031-941-2197,10:00~22:00
파주금릉역점,"경기도 파주시 금빛로 24-18, 거성프라자 202, 203호",031-948-1011,09:00~21:30
파주금촌역점,경기도 파주시 새꽃로 196,031-948-7666,09:55~22:55
파주문산터미널점,경기도 파주시 문산읍 문향로67번길 9,031-952-4433,11:10~21:10
파주봉일천점,경기 파주시 조리읍 봉천로 42-1 (봉일천리 서울경희한의원) 1층,031-944-7002,11:00~23:00
파주운정1호점,"경기도 파주시 와석순환로 133, 106호",031-945-6368,10:30~21:30
파주적성점,"경기 파주시 적성면 청송로 1027-11 (마지리, 허씨네부대고기) ",031-958-7711,
팔용점,경상남도 창원시 의창구 팔용동 101번지 팔용종합상가 209호,055-295-9282,10:30~22:30
팽성점,"경기도 평택시 팽성읍 객사리 144-5 (팽성읍 동서촌로54, 1층)",031-691-8825,10:00~22:00
평창올림픽점,강원도 평창군 대관령면 횡계리 348-8 1층,033-333-0992,11:00~21:00
평창읍점,강원도 평창군 평창읍 백오로 54,033-332-9333,11:00~22:00
평촌역사거리점,경기 안양시 동안구 관양동 1746 140호,031-425-3195,
평택고덕점,경기 평택시 고덕면 고덕국제3길 30 (여염리) ,031-668-8825,10:00~22:00
평택동삭점,"경기 평택시 상서재로 80 (동삭동, 평택센트럴자이 5단지) 516동 114,115호",031-655-4205,10:00~22:00
평택비전점,경기도 평택시 평남로 717,031-651-0089,10:00~22:00
평택소사벌점,경기도 평택시 비전동  1012-2,031-652-7750,10:00~22:00
평택안중점,경기도 평택시 안중읍 안현로서6길  66,031-681-8585,10:00~21:30
평택역점,"경기도 평택시 중앙2로 8, 1,2층 (평택동 51-1)",031-654-7756,10:00~22:00
평택이충점,경기도 평택시 이충동  665-3 대영프라자 104호,031-668-1112,10:00~22:30
평택청북점,경기도 평택시 청북면 옥길리 1159-1,031-682-8084,10:30~21:30
평택포승점,"경기도 평택시 포승읍 여술2길 26,1층",031-684-8281,10:00~21:30
포미점,"전라남도 목포시 용해지구로 2(용해동), 2층",061-273-9282,11:00~22:50
포이사거리점,서울특별시 강남구 개포동  1229-6,02-577-4285,11:00~21:30
포천신읍점,경기도 포천시 구절초로 14-1 (신읍동) (031-535-9214),031-535-9214,11:20~22:00
포천운천점,경기도 포천시 영북면 운천로 22,031-533-2262,11:00~22:00
포천일동점,경기도 포천시 일동면 기산리 90-34,031-532-9996,12:30~21:30
포항두호점,경상북도 포항시 북구 용두산길 32,054-254-3492,11:00~20:30
포항문덕점,경상북도 포항시 남구 오천읍 원동로 58,054-293-4244,10:00~21:00
포항양덕점,"경상북도 포항시 북구 양덕동  1326, 1층",054-255-3038,10:00~21:00
포항연일점,경상북도 포항시 남구 연일읍 연일로159번길 20 (생지리 313-1),054-278-5759,11:00~20:30
포항우현점,경상북도 포항시 북구 우현동  산21-7,054-254-7004,11:00~21:00
포항유강점,경상북도 포항시 남구 연일읍 유강길9번길 37,054-277-3339,11:00~20:30
포항이동점,"경상북도 포항시 남구 대이로 169,1층",054-272-9971,10:00~22:00
포항지곡점,경상북도 포항시 남구 지곡동 480-4,054-286-3131,10:00~21:30
포항초곡점,경북 포항시 북구 흥해읍 초곡지구로58번길 38-6 (초곡리) 1층 3호,054-610-6100,11:00 ~ 21:30
포항효자점,"경상북도 포항시 남구 효자동길7번길 7,1층",054-282-3339,10:00~20:30
포항흥해점,"경상북도 포항시 북구 흥해읍 흥해로 29, 1층",054-614-5882,10:00~21:00
피자앤치킨 강릉중앙점,강원 강릉시 토성로 128 (용강동) 1층,033-648-1228,11:00 ~ 23 : 00
피자앤치킨 남양주오남점,경기 남양주시 오남읍 오남리 235 103호,031-575-6225,11:00~23:00
피자앤치킨 대구신천점,대구 동구 국채보상로 829 신천동 신천 두산위브 1층,053-742-6565,11:00~23:00
피자앤치킨 부산병무청점,부산 수영구 연수로 281 (망미동) 1층,051-955-1116,10:00~23:00
피자앤치킨 북수원점,"경기 수원시 장안구 대평로 128 (정자동, 파크프라자) 103호",031-271-0570,11:30~23:00
피자앤치킨 수원인계점,경기 수원시 팔달구 인계동 976-1 1층,031-233-2003,11:00~23:00
피자앤치킨 진주봉곡점,경남 진주시 봉곡동 24-9 1층,055-920-9522,10:00~23:00
피자앤치킨 화랑대역점,서울 노원구 공릉동 240-220 101호,02-978-7822,11:00~23:00
하남감일점,"경기도 하남시 감일동  528-1,(경기도 하남시 신우실로 61)",02-477-3542,11:00~22:00
하남미사점,경기 하남시 망월동 968-3 망월동 우승프라자 102103호,031-794-9902,10:00~22:00
하남시청역점,"경기 하남시 하남대로 792 (신장동, 동진빌딩) 1층 102호",031-795-4289,11:00~23:00
하남풍산점,"경기도 하남시 덕풍동로 111, 111호",031-793-1947,10:30~21:30
하단가락점,부산광역시 사하구 하단동  1180-10,051-205-2223,10:30~22:30
하동진교점,"경상남도 하동군 진교면 진교시장길 17-11, 1층",055-882-0809,11:30~21:00
하양점,경상북도 경산시 하양읍 금락리 131-133,053-216-6100,11:00~22:00
한국공학대점,"경기 시흥시 산기대학로 237 (정왕동, 한국공학대학교) 한국공학대학교 기술혁신파크 B1층",031-433-2810,09:00~22:00
한국외대글로벌점,경기도 용인시 처인구 모현면 외대로 81 한국외대 3층,031-332-7068,11:00~19:00
한국해양대학교점,부산광역시 영도구 태종로 727 2층,051-410-4131,11:00~18:30
한기대점,충청남도 천안시 동남구 병천면 가전리 193 (충절로 1594),041-558-5385,11:00~20:00
한남대점,대전광역시 대덕구 오정동 212-3,042-626-9998,11:00~20:00
한라대점,제주특별자치도 한라대학로 76,064-747-9299,11:00~20:00
한림대점,강원도 춘천시 성심로 4-1,033-255-7992,11:00~01:00
한성대입구역점,서울특별시 성북구 삼선교로 8-1(삼선동1가 8-1) 1층,02-742-5185,11:00~21:30
한신대점,경기도 오산시 양산동  438-1,031-374-7466,10:00~22:00
한양대점,"서울특별시 성동구 마조로 31, 2층 (행당동)",02-2291-8982,10:00~22:30
한티역점,"서울특별시 강남구 대치동  923-23, 1층",02-6235-4868,10:30~22:30
함안점,경상남도 함안군 가야읍 말산리 519-23번지 2층,055-585-4488,11:00~21:30
함안칠원점,경남 함안군 칠원읍 성내길 8 구성리 화평교회 1층,055-800-8099,11:00~22:00
함양점,경상남도 함양군 함양읍 용평리 694-5 2층,055-962-9233,11:00~22:00
해군교육사령부점,경상남도 창원시 진해구 대영동  2번지 기술행정학교 복지관,055-549-2388,10:00~20:00
해군사령부점,"경상남도 창원시 진해구 경화동  1007-12번지,1층",,10:00~20:00
해남점,전라남도 해남군 해남읍 구교리 93,061-537-3382,11:00~21:00
해운대마린시티점,부산 해운대구 우동 1405 109호,051-746-7005,10:00~23:00
해운대신도시1호점,"부산광역시 해운대구 대천로67번길 15, 113호 (좌동, 신성아파트 상가)",051-731-2922,11:00~22:30
해운대중동점,"부산광역시 해운대구 중동  1788, 해운대 경남아너스빌 상가동 1층, 105호",051-744-5882,11:00~23:30
해운대해수욕장점,"부산광역시 해운대구 우동  1311 1,2층",051-892-9233,11:00~23:00
햇빛마을점,경기도 고양시 덕양구 충장로 134번지 114호 (행신동),031-938-1446,11:00~22:30
행당역점1,서울특별시 성동구 고산자로 201,02-2293-3336,10:00~21:30
행신역점,경기도 고양시 덕양구 충경로 52,031-973-1050,11:00~22:30
향남롯데시네마점,경기도 화성시 향남읍 상신하길로 298번길 7-27,031-354-6858,10:00~22:30
헬리오시티점,"서울 송파구 송파대로 345 (가락동, 헬리오시티) 헬리오시티 상가 3-A동",02-402-0996,11:00 ~ 24:00
현대삼호점,전라남도 영암군 삼호읍 신항로 106,061-463-8282,11:00~22:00
협재점,제주특별자치도 제주시 한림읍 협재리 2508번지,064-796-3527,11:00~22:00
호남대점,광주광역시 광산구 선운로 5 2층 201호,062-942-3939,10:00~22:00
호원점,경기도 의정부시 외미로 99 (호원동 51-1),031-873-3129,10:00~22:00
호평역점,"경기도 남양주시 호평로 33, 1층 177-1",031-591-8588,10:30~23:00
홈플러스동대문점,서울특별시 동대문구 천호대로 133,02-960-7785,10:00~22:00
홍대점,"서울특별시 마포구 와우산로 100, 2층 (서교동 388-18)",02-323-6631,10:30~22:30
홍성대학로점,충청남도 홍성군 홍성읍 대학길 49,041-632-0245,10:30~21:00
홍성법원점,충청남도 홍성군 홍성읍 법원로 10,041-633-9299,10:00~22:00
홍성점,"충청남도 홍성군 홍성읍 아문길29번길 69, 2층",041-631-9288,10:00~22:00
홍익대세종캠퍼스점,세종특별자치시 조치원읍 섭골골목길  19-5,044-867-9288,10:30~21:00
홍제역점,서울특별시 서대문구 홍제동   330-52,02-379-7696,11:00~22:30
화곡역점,"서울특별시 강서구 화곡3동  1066-22,1층",02-2606-9096,11:00~24:30
화명점,부산광역시 북구 화명3동 2322번지 수정마을 상가 110호,051-342-8292,11:30~22:30
화서역점,"경기도 수원시 팔달구 화서동  644-5, 그린프라자 1층",031-255-9888,10:00~22:00
화성남양점,경기도 화성시 남양읍 남양리 2253-3,031-357-0492,10:00~21:30
화성병점동점,경기도 화성시 병점동  314-3,031-236-1006,10:30~21:30
화성봉담2지구점,경기 화성시 봉담읍 상리 692-3 ,031-291-5859,10:30~21:30
화성봉담점,경기도 화성시 봉담읍 동화리 564번지 114~115호,031-5183-3939,11:00~21:30
화성조암점,경기 화성시 우정읍 조암동로10번길 11 (조암리) 101호,070-7623-0077,10:00 ~ 22:00
화성향남점,경기도 화성시 향남읍 행정중앙2로 33,031-352-5096,10:00~21:30
화천산양점,"강원도 화천군 상서면 영서로 7737, 1층",033-441-9298,11:00~21:00
황금점,대구광역시 수성구 지산동  943-4,053-768-1111,11:00~23:00
횡성둔내점,강원도 횡성군 둔내면 고원로 404,033-342-0202,11:00~22:00
휘경여고점,"서울특별시 동대문구 한천로 242, 1층",02-2241-7080,10:00~22:00
휘경점,서울특별시 동대문구 휘경2동 269-26,02-925-6868,11:00~21:30
